,lat,lon,Date,search_state,species,Year,Month_of_year,YearMonth,Week_of_year,geometry
0,0.9187688,34.9299407,14/07/2018,Trans-Nzoia County,FAW,2018,7,2018-07,28,POINT (34.9299407 0.9187688)
1,0.499269,34.288866,01/10/2019,Busia County,FAW,2019,10,2019-10,40,POINT (34.288866 0.499269)
2,0.697794,34.350563,15/10/2019,Busia County,FAW,2019,10,2019-10,42,POINT (34.350563 0.697794)
3,0.520434,34.257097,28/04/2020,Busia County,FAW,2020,4,2020-04,18,POINT (34.257097 0.520434)
4,0.496708,34.204908,18/10/2019,Busia County,FAW,2019,10,2019-10,42,POINT (34.204908 0.496708)
5,0.526734,34.518866,11/06/2020,Bungoma County,FAW,2020,6,2020-06,24,POINT (34.518866 0.526734)
6,0.504638,34.138156,25/09/2019,Busia County,FAW,2019,9,2019-09,39,POINT (34.138156 0.504638)
7,1.0947321,34.770922,28/07/2018,Trans-Nzoia County,FAW,2018,7,2018-07,30,POINT (34.770922 1.0947321)
8,0.277717,36.379493,03/03/2020,Laikipia County,FAW,2020,3,2020-03,10,POINT (36.379493 0.277717)
9,1.563338,35.383911,18/10/2019,West Pokot,FAW,2019,10,2019-10,42,POINT (35.383911 1.563338)
10,0.535763,34.224197,23/09/2019,Busia County,FAW,2019,9,2019-09,39,POINT (34.224197 0.535763)
11,0.585278,34.247075,21/05/2019,Busia County,FAW,2019,5,2019-05,21,POINT (34.247075 0.585278)
12,-1.14803,36.8057417,09/12/2019,Kiambu,FAW,2019,12,2019-12,50,POINT (36.8057417 -1.14803)
13,0.8730617,34.8711783,08/07/2018,Trans-Nzoia County,FAW,2018,7,2018-07,27,POINT (34.8711783 0.8730617)
14,0.2846143,34.7535775,05/04/2018,Kakamega County,FAW,2018,4,2018-04,14,POINT (34.7535775 0.2846143)
15,-1.258074,36.772577,09/12/2019,Nairobi County,FAW,2019,12,2019-12,50,POINT (36.772577 -1.258074)
16,0.4831488,37.6090933,08/05/2019,Meru County,FAW,2019,5,2019-05,19,POINT (37.6090933 0.4831488)
17,1.0062866,35.0279743,18/09/2018,Trans-Nzoia County,FAW,2018,9,2018-09,38,POINT (35.0279743 1.0062866)
18,-0.8499149,35.3971826,06/07/2018,Bomet,FAW,2018,7,2018-07,27,POINT (35.3971826 -0.8499149)
19,0.586881,34.330863,22/05/2019,Busia County,FAW,2019,5,2019-05,21,POINT (34.330863 0.586881)
20,0.549903,34.18546,20/05/2019,Busia County,FAW,2019,5,2019-05,21,POINT (34.18546 0.549903)
21,-0.460745,37.0088383,26/04/2018,Nyeri,FAW,2018,4,2018-04,17,POINT (37.0088383 -0.460745)
22,0.493634,34.535634,11/06/2020,Bungoma County,FAW,2020,6,2020-06,24,POINT (34.535634 0.493634)
23,0.4488162,34.8515518,17/04/2018,Kakamega County,FAW,2018,4,2018-04,16,POINT (34.8515518 0.4488162)
24,-0.2847895,36.0701438,12/02/2019,Nakuru,FAW,2019,2,2019-02,7,POINT (36.0701438 -0.2847895)
25,0.636933,34.316923,11/11/2019,Busia County,FAW,2019,11,2019-11,46,POINT (34.316923 0.636933)
26,0.614951,34.2855,11/11/2019,Busia County,FAW,2019,11,2019-11,46,POINT (34.2855 0.614951)
27,0.4708033,35.9860467,15/02/2019,Baringo,FAW,2019,2,2019-02,7,POINT (35.9860467 0.4708033)
28,0.7,35.7,03/07/2018,Baringo,FAW,2018,7,2018-07,27,POINT (35.7 0.7)
29,0.9961338,35.0604139,02/07/2018,Trans-Nzoia County,FAW,2018,7,2018-07,27,POINT (35.0604139 0.9961338)
30,-1.26191102,36.80127127,13/03/2019,Nairobi County,FAW,2019,3,2019-03,11,POINT (36.80127127 -1.26191102)
31,0.7948652,35.4120133,04/07/2018,Uasin Gishu County,FAW,2018,7,2018-07,27,POINT (35.4120133 0.7948652)
32,-0.4436397,36.9797399,23/04/2018,Nyeri,FAW,2018,4,2018-04,17,POINT (36.9797399 -0.4436397)
33,-3.214996,40.093899,14/07/2020,Kilifi County,FAW,2020,7,2020-07,29,POINT (40.093899 -3.214996)
34,0.359733,34.256555,06/05/2020,Busia County,FAW,2020,5,2020-05,19,POINT (34.256555 0.359733)
35,0.567394,34.560638,13/06/2018,Bungoma County,FAW,2018,6,2018-06,24,POINT (34.560638 0.567394)
36,0.695431,34.383592,21/08/2019,Busia County,FAW,2019,8,2019-08,34,POINT (34.383592 0.695431)
37,-0.8754993,35.2838259,14/12/2018,Bomet,FAW,2018,12,2018-12,50,POINT (35.2838259 -0.8754993)
38,-0.08750075,34.78389669,25/02/2019,Kisumu County,FAW,2019,2,2019-02,9,POINT (34.78389669 -0.08750075)
39,-0.8880604,35.4005151,24/07/2018,Bomet,FAW,2018,7,2018-07,30,POINT (35.4005151 -0.8880604)
40,0.462374,34.108853,20/05/2019,Busia County,FAW,2019,5,2019-05,21,POINT (34.108853 0.462374)
41,-1.210481,36.8510154,20/03/2019,Nairobi County,FAW,2019,3,2019-03,12,POINT (36.8510154 -1.210481)
42,-0.775709,35.4638408,03/08/2018,Bomet,FAW,2018,8,2018-08,31,POINT (35.4638408 -0.775709)
43,0.752063,34.404323,31/05/2019,Busia County,FAW,2019,5,2019-05,22,POINT (34.404323 0.752063)
44,0.394288,34.121298,13/11/2019,Busia County,FAW,2019,11,2019-11,46,POINT (34.121298 0.394288)
45,1.0817065,34.8228025,29/06/2018,Trans-Nzoia County,FAW,2018,6,2018-06,26,POINT (34.8228025 1.0817065)
46,-1.50781,37.0999733,03/04/2019,Machakos County,FAW,2019,4,2019-04,14,POINT (37.0999733 -1.50781)
47,0.208277,34.122071,27/09/2019,Siaya County,FAW,2019,9,2019-09,39,POINT (34.122071 0.208277)
48,0.452256,34.352027,16/05/2019,Busia County,FAW,2019,5,2019-05,20,POINT (34.352027 0.452256)
49,0.561815,34.269422,27/05/2019,Busia County,FAW,2019,5,2019-05,22,POINT (34.269422 0.561815)
50,0.602632,34.36764,25/05/2019,Busia County,FAW,2019,5,2019-05,21,POINT (34.36764 0.602632)
51,-1.5289981,37.2628412,11/06/2019,Machakos County,FAW,2019,6,2019-06,24,POINT (37.2628412 -1.5289981)
52,0.8935538,34.9728588,18/06/2018,Trans-Nzoia County,FAW,2018,6,2018-06,25,POINT (34.9728588 0.8935538)
53,0.412293,34.146762,10/11/2019,Busia County,FAW,2019,11,2019-11,45,POINT (34.146762 0.412293)
54,0.602451,34.415491,04/12/2019,Bungoma County,FAW,2019,12,2019-12,49,POINT (34.415491 0.602451)
55,0.308899,34.207244,12/11/2019,Busia County,FAW,2019,11,2019-11,46,POINT (34.207244 0.308899)
56,-0.709533333,35.06756,10/06/2018,Bomet,FAW,2018,6,2018-06,23,POINT (35.06756 -0.7095333333333333)
57,-0.384357,38.569486,13/09/2019,Kitui County,FAW,2019,9,2019-09,37,POINT (38.569486 -0.384357)
58,0.213035,34.350195,10/07/2019,Siaya County,FAW,2019,7,2019-07,28,POINT (34.350195 0.213035)
59,0.8261664,34.9338462,24/08/2018,Bungoma County,FAW,2018,8,2018-08,34,POINT (34.9338462 0.8261664)
60,0.422932,34.266297,16/08/2019,Busia County,FAW,2019,8,2019-08,33,POINT (34.266297 0.422932)
61,0.487762,34.23994,23/09/2019,Busia County,FAW,2019,9,2019-09,39,POINT (34.23994 0.487762)
62,0.583091,34.205855,17/06/2020,Busia County,FAW,2020,6,2020-06,25,POINT (34.205855 0.583091)
63,0.36426,34.151765,04/06/2020,Busia County,FAW,2020,6,2020-06,23,POINT (34.151765 0.36426)
64,-1.5683498,37.0774412,03/04/2019,Machakos County,FAW,2019,4,2019-04,14,POINT (37.0774412 -1.5683498)
65,0.403789,34.188478,27/05/2019,Busia County,FAW,2019,5,2019-05,22,POINT (34.188478 0.403789)
66,0.460309,34.239159,16/05/2019,Busia County,FAW,2019,5,2019-05,20,POINT (34.239159 0.460309)
67,0.645349,34.28713,28/05/2019,Busia County,FAW,2019,5,2019-05,22,POINT (34.28713 0.645349)
68,-1.168545,36.7850683,22/11/2019,Kiambu,FAW,2019,11,2019-11,47,POINT (36.7850683 -1.168545)
69,0.334685,34.192076,12/05/2020,Busia County,FAW,2020,5,2020-05,20,POINT (34.192076 0.334685)
70,1.942783,35.044426,09/11/2020,West Pokot,FAW,2020,11,2020-11,46,POINT (35.044426 1.942783)
71,0.8742921,34.900851,06/07/2018,Trans-Nzoia County,FAW,2018,7,2018-07,27,POINT (34.900851 0.8742921)
72,1.117226,34.8072442,29/06/2018,Trans-Nzoia County,FAW,2018,6,2018-06,26,POINT (34.8072442 1.117226)
73,0.9669028,35.0677245,21/07/2018,Trans-Nzoia County,FAW,2018,7,2018-07,29,POINT (35.0677245 0.9669028)
74,-0.448273,38.569491,13/09/2019,Kitui County,FAW,2019,9,2019-09,37,POINT (38.569491 -0.448273)
75,-1.2927264,36.8890826,12/07/2019,Nairobi County,FAW,2019,7,2019-07,28,POINT (36.8890826 -1.2927264)
76,0.620899,34.339537,11/05/2020,Busia County,FAW,2020,5,2020-05,20,POINT (34.339537 0.620899)
77,0.816067,34.906379,20/12/2019,Bungoma County,FAW,2019,12,2019-12,51,POINT (34.906379 0.816067)
78,0.149052,36.2724682,11/07/2018,Nakuru,FAW,2018,7,2018-07,28,POINT (36.2724682 0.149052)
79,-0.2,36.09,14/02/2019,Nakuru,FAW,2019,2,2019-02,7,POINT (36.09 -0.2)
80,0.566042,34.296608,12/11/2019,Busia County,FAW,2019,11,2019-11,46,POINT (34.296608 0.566042)
81,0.552766,34.335819,25/05/2019,Busia County,FAW,2019,5,2019-05,21,POINT (34.335819 0.552766)
82,-1.370085,38.00522,15/05/2020,Kitui County,FAW,2020,5,2020-05,20,POINT (38.00522 -1.370085)
83,-0.0869941,37.660762,10/04/2019,Meru County,FAW,2019,4,2019-04,15,POINT (37.660762 -0.0869941)
84,-1.1689039,36.8371759,26/07/2019,Kiambu,FAW,2019,7,2019-07,30,POINT (36.8371759 -1.1689039)
85,-0.7532498,35.4473156,28/09/2018,Bomet,FAW,2018,9,2018-09,39,POINT (35.4473156 -0.7532498)
86,-0.4105983,35.6917062,18/07/2018,Nakuru,FAW,2018,7,2018-07,29,POINT (35.6917062 -0.4105983)
87,-0.8402506,35.3653111,14/09/2018,Bomet,FAW,2018,9,2018-09,37,POINT (35.3653111 -0.8402506)
88,0.7908147,34.869219,07/12/2018,Bungoma County,FAW,2018,12,2018-12,49,POINT (34.869219 0.7908147)
89,0.354647,34.120941,18/03/2019,Busia County,FAW,2019,3,2019-03,12,POINT (34.120941 0.354647)
90,0.055943,37.755668,13/09/2019,Meru County,FAW,2019,9,2019-09,37,POINT (37.755668 0.055943)
91,0.71728245,34.71385447,16/09/2019,Bungoma County,FAW,2019,9,2019-09,38,POINT (34.71385447 0.71728245)
92,-1.2816172,36.8219889,12/06/2018,Nairobi County,FAW,2018,6,2018-06,24,POINT (36.8219889 -1.2816172)
93,-0.8037201,35.4823585,24/08/2018,Bomet,FAW,2018,8,2018-08,34,POINT (35.4823585 -0.8037201)
94,-0.9380341,35.4221996,03/08/2018,Bomet,FAW,2018,8,2018-08,31,POINT (35.4221996 -0.9380341)
95,0.07726249,34.8147082,14/12/2018,Vihiga County,FAW,2018,12,2018-12,50,POINT (34.8147082 0.07726249)
96,-1.8708834,37.5872072,05/08/2019,Makueni,FAW,2019,8,2019-08,32,POINT (37.5872072 -1.8708834)
97,-1.828845,37.5972417,05/08/2019,Makueni,FAW,2019,8,2019-08,32,POINT (37.5972417 -1.828845)
98,-0.3880489,34.64395,25/02/2020,Homa Bay County,FAW,2020,2,2020-02,9,POINT (34.64395 -0.3880489)
99,-0.3880489,37.64395,26/02/2020,Tharaka-Nithi,FAW,2020,2,2020-02,9,POINT (37.64395 -0.3880489)
100,1.0998382,34.8623683,13/07/2018,Trans-Nzoia County,FAW,2018,7,2018-07,28,POINT (34.8623683 1.0998382)
101,-0.8158207,35.4071831,14/12/2018,Bomet,FAW,2018,12,2018-12,50,POINT (35.4071831 -0.8158207)
102,0.5989582,34.6210103,27/03/2019,Bungoma County,FAW,2019,3,2019-03,13,POINT (34.6210103 0.5989582)
103,0.1411326,34.36188958,16/08/2019,Siaya County,FAW,2019,8,2019-08,33,POINT (34.36188958 0.1411326)
104,0.1137006,36.2782183,02/09/2018,Nakuru,FAW,2018,9,2018-09,35,POINT (36.2782183 0.1137006)
105,0.1184169,36.2313166,23/08/2018,Nakuru,FAW,2018,8,2018-08,34,POINT (36.2313166 0.1184169)
106,0.8166174,34.9971321,03/07/2018,Bungoma County,FAW,2018,7,2018-07,27,POINT (34.9971321 0.8166174)
107,1.1259261,34.843273,02/07/2018,Trans-Nzoia County,FAW,2018,7,2018-07,27,POINT (34.843273 1.1259261)
108,-1.8444747,37.6343055,07/11/2019,Makueni,FAW,2019,11,2019-11,45,POINT (37.6343055 -1.8444747)
109,-1.8041,37.747555,23/08/2019,Makueni,FAW,2019,8,2019-08,34,POINT (37.747555 -1.8041)
110,-1.176886,36.8757767,23/11/2019,Kiambu,FAW,2019,11,2019-11,47,POINT (36.8757767 -1.176886)
111,1.176886,36.8757767,09/11/2019,Samburu,FAW,2019,11,2019-11,45,POINT (36.8757767 1.176886)
112,-0.2756865,36.0337715,14/06/2018,Nakuru,FAW,2018,6,2018-06,24,POINT (36.0337715 -0.2756865)
113,0.0888399,36.2042259,14/07/2018,Nakuru,FAW,2018,7,2018-07,28,POINT (36.2042259 0.0888399)
114,-0.020425,36.1982418,29/09/2018,Nakuru,FAW,2018,9,2018-09,39,POINT (36.1982418 -0.020425)
115,0.781744157,34.84100138,02/11/2018,Bungoma County,FAW,2018,11,2018-11,44,POINT (34.8410013798762 0.781744156846282)
116,0.791689,35.470147,29/09/2018,Uasin Gishu County,FAW,2018,9,2018-09,39,POINT (35.470147 0.791689)
117,0.08633,34.234243,07/04/2017,Siaya County,FAW,2017,4,2017-04,14,POINT (34.234243 0.08633)
118,0.7521147,34.6322457,12/04/2017,Bungoma County,FAW,2017,4,2017-04,15,POINT (34.6322457 0.7521147)
119,0.190729,34.295948,26/04/2017,Siaya County,FAW,2017,4,2017-04,17,POINT (34.295948 0.190729)
120,0.93371,34.7689,04/05/2017,Trans-Nzoia County,FAW,2017,5,2017-05,18,POINT (34.7689 0.93371)
121,0.060405,34.282978,09/05/2017,Siaya County,FAW,2017,5,2017-05,19,POINT (34.282978 0.060405)
122,-0.41337,37.4569,16/05/2017,Embu,FAW,2017,5,2017-05,20,POINT (37.4569 -0.41337)
123,-0.15732,36.105,23/05/2017,Nakuru,FAW,2017,5,2017-05,21,POINT (36.105 -0.15732)
124,0.00295,36.2274,07/06/2017,Nakuru,FAW,2017,6,2017-06,23,POINT (36.2274 0.00295)
125,-1.3114041,36.8118104,08/06/2017,Nairobi County,FAW,2017,6,2017-06,23,POINT (36.8118104 -1.3114041)
126,0.8918026,34.9274829,09/06/2017,Trans-Nzoia County,FAW,2017,6,2017-06,23,POINT (34.9274829 0.8918026)
127,1.209044,35.13701,21/06/2017,West Pokot,FAW,2017,6,2017-06,25,POINT (35.13701 1.209044)
128,1.1312688,35.1028248,27/06/2017,Trans-Nzoia County,FAW,2017,6,2017-06,26,POINT (35.1028248 1.1312688)
129,1.02563,35.27245,29/06/2017,Trans-Nzoia County,FAW,2017,6,2017-06,26,POINT (35.27245 1.02563)
130,0.9346573,35.276148,17/07/2017,Trans-Nzoia County,FAW,2017,7,2017-07,29,POINT (35.276148 0.9346573)
131,1.2786379,35.0912238,18/07/2017,West Pokot,FAW,2017,7,2017-07,29,POINT (35.0912238 1.2786379)
132,0.0911206,36.2492409,27/07/2017,Nakuru,FAW,2017,7,2017-07,30,POINT (36.2492409 0.0911206)
133,-0.41188,37.68892,28/09/2017,Tharaka-Nithi,FAW,2017,9,2017-09,39,POINT (37.68892 -0.41188)
134,-0.442,37.4368,27/10/2017,Embu,FAW,2017,10,2017-10,43,POINT (37.4368 -0.442)
135,-0.5527545,37.405589,16/11/2017,Kirinyaga County,FAW,2017,11,2017-11,46,POINT (37.405589 -0.5527545)
136,-1.4391589,37.2440674,19/11/2017,Machakos County,FAW,2017,11,2017-11,46,POINT (37.2440674 -1.4391589)
137,-1.5344537,37.1616338,24/11/2017,Machakos County,FAW,2017,11,2017-11,47,POINT (37.1616338 -1.5344537)
138,-0.5253498,37.079185,28/11/2017,Nyeri,FAW,2017,11,2017-11,48,POINT (37.079185 -0.5253498)
139,-0.335613,37.82998,05/12/2017,Tharaka-Nithi,FAW,2017,12,2017-12,49,POINT (37.82998 -0.335613)
140,-1.49538,37.2663,05/12/2017,Machakos County,FAW,2017,12,2017-12,49,POINT (37.2663 -1.49538)
141,-0.6272506,37.0305143,07/12/2017,Murang'a County,FAW,2017,12,2017-12,49,POINT (37.0305143 -0.6272506)
142,-4.3741836,39.4235019,10/01/2018,Kwale,FAW,2018,1,2018-01,2,POINT (39.4235019 -4.3741836)
143,-1.2820029,36.6454671,19/01/2018,Kiambu,FAW,2018,1,2018-01,3,POINT (36.6454671 -1.2820029)
144,-0.2015921,34.8190985,15/02/2018,Kisumu County,FAW,2018,2,2018-02,7,POINT (34.8190985 -0.2015921)
145,0.1359984,34.0804772,20/03/2018,Busia County,FAW,2018,3,2018-03,12,POINT (34.0804772 0.1359984)
146,-1.4125,37.33193,03/04/2018,Machakos County,FAW,2018,4,2018-04,14,POINT (37.33193 -1.4125)
147,-1.372557,37.3474926,03/04/2018,Machakos County,FAW,2018,4,2018-04,14,POINT (37.3474926 -1.372557)
148,-1.23515,37.47248,04/04/2018,Machakos County,FAW,2018,4,2018-04,14,POINT (37.47248 -1.23515)
149,-0.354264243,37.66641602,13/04/2018,Tharaka-Nithi,FAW,2018,4,2018-04,15,POINT (37.66641602 -0.354264243)
150,-0.5465446,37.4492968,16/04/2018,Kirinyaga County,FAW,2018,4,2018-04,16,POINT (37.4492968 -0.5465446)
151,0.81863313,34.75862115,18/04/2018,Bungoma County,FAW,2018,4,2018-04,16,POINT (34.75862115 0.81863313)
152,-0.6912151,37.4880841,25/04/2018,Embu,FAW,2018,4,2018-04,17,POINT (37.4880841 -0.6912151)
153,-0.62385,37.298427,07/05/2018,Kirinyaga County,FAW,2018,5,2018-05,19,POINT (37.298427 -0.62385)
154,-0.46959,37.5062,08/05/2018,Embu,FAW,2018,5,2018-05,19,POINT (37.5062 -0.46959)
155,0.77076,34.75954,09/05/2018,Bungoma County,FAW,2018,5,2018-05,19,POINT (34.75954 0.77076)
156,-1.2721495,36.6749358,09/05/2018,Kiambu,FAW,2018,5,2018-05,19,POINT (36.6749358 -1.2721495)
157,0.8171735,34.8533356,21/05/2018,Bungoma County,FAW,2018,5,2018-05,21,POINT (34.8533356 0.8171735)
158,-0.4946665,37.4401164,22/05/2018,Embu,FAW,2018,5,2018-05,21,POINT (37.4401164 -0.4946665)
159,-0.68136,37.35478,25/05/2018,Kirinyaga County,FAW,2018,5,2018-05,21,POINT (37.35478 -0.68136)
160,-1.79007,36.0595,07/06/2018,Kajiado County,FAW,2018,6,2018-06,23,POINT (36.0595 -1.79007)
161,-3.039685,37.6842283,07/06/2018,Kajiado County,FAW,2018,6,2018-06,23,POINT (37.6842283 -3.039685)
162,-0.25034,36.11021,12/06/2018,Nakuru,FAW,2018,6,2018-06,24,POINT (36.11021 -0.25034)
163,-0.082103,36.180612,27/06/2018,Nakuru,FAW,2018,6,2018-06,26,POINT (36.180612 -0.082103)
164,-0.6591081,37.1154432,13/09/2018,Murang'a County,FAW,2018,9,2018-09,37,POINT (37.1154432 -0.6591081)
165,-0.56745,36.997,22/10/2018,Nyeri,FAW,2018,10,2018-10,43,POINT (36.997 -0.56745)
166,0.3690245,34.4907171,27/10/2018,Kakamega County,FAW,2018,10,2018-10,43,POINT (34.4907171 0.3690245)
167,-0.51128,37.47353,31/10/2018,Embu,FAW,2018,10,2018-10,44,POINT (37.47353 -0.51128)
168,-4.3881297,39.3554756,01/11/2018,Kwale,FAW,2018,11,2018-11,44,POINT (39.3554756 -4.3881297)
169,-0.51003,37.52088,17/12/2018,Embu,FAW,2018,12,2018-12,51,POINT (37.52088 -0.51003)
170,-0.4680417,37.5542852,04/01/2019,Embu,FAW,2019,1,2019-01,1,POINT (37.5542852 -0.4680417)
171,-1.3731049,36.6716202,28/01/2019,Kajiado County,FAW,2019,1,2019-01,5,POINT (36.6716202 -1.3731049)
172,-0.1169002,34.9515237,15/05/2019,Kisumu County,FAW,2019,5,2019-05,20,POINT (34.9515237 -0.1169002)
173,-0.5692796,36.9630065,03/06/2019,Nyeri,FAW,2019,6,2019-06,23,POINT (36.9630065 -0.5692796)
174,-1.0623482,34.4097408,04/06/2019,Migori County,FAW,2019,6,2019-06,23,POINT (34.4097408 -1.0623482)
175,-1.460546,36.6571219,24/06/2019,Kajiado County,FAW,2019,6,2019-06,26,POINT (36.6571219 -1.460546)
176,-0.104757957,36.16258509,27/06/2019,Nakuru,FAW,2019,6,2019-06,26,POINT (36.16258509 -0.104757957)
177,-0.2620656,36.1859321,31/07/2019,Nakuru,FAW,2019,7,2019-07,31,POINT (36.1859321 -0.2620656)
178,-1.28308,36.7267,13/11/2019,Nairobi County,FAW,2019,11,2019-11,46,POINT (36.7267 -1.28308)
179,-0.2919372,34.9463557,09/01/2020,Kisumu County,FAW,2020,1,2020-01,2,POINT (34.9463557 -0.2919372)
180,1.060122782,35.2871809,09/06/2020,Elgeyo-Marakwet County,FAW,2020,6,2020-06,24,POINT (35.2871809 1.060122782)
181,-0.6263974,37.2595903,21/11/2019,Kirinyaga County,FAW,2019,11,2019-11,47,POINT (37.2595903 -0.6263974)
182,-0.57318,37.32643,07/11/2019,Kirinyaga County,FAW,2019,11,2019-11,45,POINT (37.32643 -0.57318)
183,-0.2574188,34.9659927,07/11/2019,Kisumu County,FAW,2019,11,2019-11,45,POINT (34.9659927 -0.2574188)
184,-0.9189462,34.526702,24/10/2019,Migori County,FAW,2019,10,2019-10,43,POINT (34.526702 -0.9189462)
185,-0.605488,37.46312,18/10/2019,Kirinyaga County,FAW,2019,10,2019-10,42,POINT (37.46312 -0.605488)
186,-1.0651551,34.4525769,01/10/2019,Migori County,FAW,2019,10,2019-10,40,POINT (34.4525769 -1.0651551)
187,-0.115301,36.2225,22/07/2019,Nyandarua,FAW,2019,7,2019-07,30,POINT (36.2225 -0.115301)
188,-0.1793386,34.932228,11/07/2019,Kisumu County,FAW,2019,7,2019-07,28,POINT (34.932228 -0.1793386)
189,1.02874,35.12113,17/06/2019,Trans-Nzoia County,FAW,2019,6,2019-06,25,POINT (35.12113 1.02874)
190,-1.1165778,34.3491987,18/06/2019,Migori County,FAW,2019,6,2019-06,25,POINT (34.3491987 -1.1165778)
191,-1.1260291,34.544012,04/06/2019,Migori County,FAW,2019,6,2019-06,23,POINT (34.544012 -1.1260291)
192,0.1865098,34.1957768,27/05/2019,Siaya County,FAW,2019,5,2019-05,22,POINT (34.1957768 0.1865098)
193,0.6426725,34.9473893,22/05/2019,Kakamega County,FAW,2019,5,2019-05,21,POINT (34.9473893 0.6426725)
194,0.9366649,34.8377534,23/05/2019,Trans-Nzoia County,FAW,2019,5,2019-05,21,POINT (34.8377534 0.9366649)
195,-0.0978012,34.2749779,15/05/2019,Siaya County,FAW,2019,5,2019-05,20,POINT (34.2749779 -0.0978012)
196,-0.1795243,36.1289084,31/01/2019,Nakuru,FAW,2019,1,2019-01,5,POINT (36.1289084 -0.1795243)
197,-0.0671556,34.8121986,11/01/2019,Kisumu County,FAW,2019,1,2019-01,2,POINT (34.8121986 -0.0671556)
198,-0.6801384,37.6488487,31/12/2018,Embu,FAW,2018,12,2018-12,1,POINT (37.6488487 -0.6801384)
199,-0.50537,37.72824,29/08/2018,Embu,FAW,2018,8,2018-08,35,POINT (37.72824 -0.50537)
200,0.982222,35.22098,15/08/2018,Trans-Nzoia County,FAW,2018,8,2018-08,33,POINT (35.22098 0.982222)
201,-0.25462,36.23458,25/07/2018,Nakuru,FAW,2018,7,2018-07,30,POINT (36.23458 -0.25462)
202,-3.0726432,37.7230122,05/07/2018,Kajiado County,FAW,2018,7,2018-07,27,POINT (37.7230122 -3.0726432)
203,-0.928184,35.86498,04/07/2018,Narok,FAW,2018,7,2018-07,27,POINT (35.86498 -0.928184)
204,-0.854850796,35.66428712,27/06/2018,Narok,FAW,2018,6,2018-06,26,POINT (35.66428712 -0.854850796)
205,0.0835315,34.0517858,19/06/2018,Busia County,FAW,2018,6,2018-06,25,POINT (34.0517858 0.0835315)
206,-0.66629,37.2937,18/06/2018,Kirinyaga County,FAW,2018,6,2018-06,25,POINT (37.2937 -0.66629)
207,-0.1495268,34.8173966,18/06/2018,Kisumu County,FAW,2018,6,2018-06,25,POINT (34.8173966 -0.1495268)
208,-3.176272,37.733,08/06/2018,Kajiado County,FAW,2018,6,2018-06,23,POINT (37.733 -3.176272)
209,1.0551177,35.5881825,08/06/2018,Elgeyo-Marakwet County,FAW,2018,6,2018-06,23,POINT (35.5881825 1.0551177)
210,-0.577144,37.03649,07/06/2018,Nyeri,FAW,2018,6,2018-06,23,POINT (37.03649 -0.577144)
211,-2.894053569,37.5884336,24/05/2018,Kajiado County,FAW,2018,5,2018-05,21,POINT (37.5884336 -2.894053569)
212,-1.0880329,35.8680365,25/05/2018,Narok,FAW,2018,5,2018-05,21,POINT (35.8680365 -1.0880329)
213,-2.71889,37.46388,23/05/2018,Kajiado County,FAW,2018,5,2018-05,21,POINT (37.46388 -2.71889)
214,-1.20149598,36.72548724,23/05/2018,Kiambu,FAW,2018,5,2018-05,21,POINT (36.72548724 -1.20149598)
215,-0.176445,36.1651,22/05/2018,Nakuru,FAW,2018,5,2018-05,21,POINT (36.1651 -0.176445)
216,0.9743511,34.9622034,20/05/2018,Trans-Nzoia County,FAW,2018,5,2018-05,20,POINT (34.9622034 0.9743511)
217,0.6215414,35.0352025,18/05/2018,Kakamega County,FAW,2018,5,2018-05,20,POINT (35.0352025 0.6215414)
218,-0.2908135,36.1126083,17/05/2018,Nakuru,FAW,2018,5,2018-05,20,POINT (36.1126083 -0.2908135)
219,0.6314635,35.0087176,16/05/2018,Kakamega County,FAW,2018,5,2018-05,20,POINT (35.0087176 0.6314635)
220,-0.2134115,36.1234754,16/05/2018,Nakuru,FAW,2018,5,2018-05,20,POINT (36.1234754 -0.2134115)
221,1.20277813,35.10882195,15/05/2018,West Pokot,FAW,2018,5,2018-05,20,POINT (35.10882195 1.20277813)
222,-0.2759394,36.1536918,08/05/2018,Nakuru,FAW,2018,5,2018-05,19,POINT (36.1536918 -0.2759394)
223,-0.05862,36.2154,05/05/2018,Nakuru,FAW,2018,5,2018-05,18,POINT (36.2154 -0.05862)
224,-1.3391864,37.4432928,30/04/2018,Machakos County,FAW,2018,4,2018-04,18,POINT (37.4432928 -1.3391864)
225,-0.4671209,37.6912368,27/04/2018,Embu,FAW,2018,4,2018-04,17,POINT (37.6912368 -0.4671209)
226,-2.9312435,37.5027272,26/04/2018,Kajiado County,FAW,2018,4,2018-04,17,POINT (37.5027272 -2.9312435)
227,-1.58253,37.24501,26/04/2018,Machakos County,FAW,2018,4,2018-04,17,POINT (37.24501 -1.58253)
228,1.238108,35.14218,25/04/2018,West Pokot,FAW,2018,4,2018-04,17,POINT (35.14218 1.238108)
229,-1.46785,37.30344,25/04/2018,Machakos County,FAW,2018,4,2018-04,17,POINT (37.30344 -1.46785)
230,-1.2380939,36.6000688,18/04/2018,Kiambu,FAW,2018,4,2018-04,16,POINT (36.6000688 -1.2380939)
231,1.0124943,35.3209552,17/04/2018,Trans-Nzoia County,FAW,2018,4,2018-04,16,POINT (35.3209552 1.0124943)
232,-1.3752691,37.2478215,15/04/2018,Machakos County,FAW,2018,4,2018-04,15,POINT (37.2478215 -1.3752691)
233,0.6188297,34.5851958,16/04/2018,Bungoma County,FAW,2018,4,2018-04,16,POINT (34.5851958 0.6188297)
234,-2.998274871,37.62601476,12/04/2018,Kajiado County,FAW,2018,4,2018-04,15,POINT (37.62601476 -2.998274871)
235,-1.8546139,36.7825261,10/04/2018,Kajiado County,FAW,2018,4,2018-04,15,POINT (36.7825261 -1.8546139)
236,-1.089464671,35.95504539,02/04/2018,Narok,FAW,2018,4,2018-04,14,POINT (35.95504539 -1.089464671)
237,-0.62768,37.10609,29/03/2018,Nyeri,FAW,2018,3,2018-03,13,POINT (37.10609 -0.62768)
238,-0.47389,37.46408,23/03/2018,Embu,FAW,2018,3,2018-03,12,POINT (37.46408 -0.47389)
239,-0.6430817,37.2372161,19/03/2018,Kirinyaga County,FAW,2018,3,2018-03,12,POINT (37.2372161 -0.6430817)
240,-0.5599069,37.235621,19/03/2018,Kirinyaga County,FAW,2018,3,2018-03,12,POINT (37.235621 -0.5599069)
241,1.0236529,34.9896093,19/03/2018,Trans-Nzoia County,FAW,2018,3,2018-03,12,POINT (34.9896093 1.0236529)
242,-1.21822,36.65172,27/02/2018,Kiambu,FAW,2018,2,2018-02,9,POINT (36.65172 -1.21822)
243,1.0406658,35.3205255,08/02/2018,Elgeyo-Marakwet County,FAW,2018,2,2018-02,6,POINT (35.3205255 1.0406658)
244,1.0580648,35.2106801,08/02/2018,Trans-Nzoia County,FAW,2018,2,2018-02,6,POINT (35.2106801 1.0580648)
245,-0.5414906,36.9891685,26/01/2018,Nyeri,FAW,2018,1,2018-01,4,POINT (36.9891685 -0.5414906)
246,-2.8119982,37.4958208,25/01/2018,Kajiado County,FAW,2018,1,2018-01,4,POINT (37.4958208 -2.8119982)
247,-1.2431016,36.6628923,24/01/2018,Kiambu,FAW,2018,1,2018-01,4,POINT (36.6628923 -1.2431016)
248,0.8097101,35.0534424,22/12/2017,Kakamega County,FAW,2017,12,2017-12,51,POINT (35.0534424 0.8097101)
249,-0.52697,37.01729,14/12/2017,Nyeri,FAW,2017,12,2017-12,50,POINT (37.01729 -0.52697)
250,-0.5857,37.29047,14/12/2017,Kirinyaga County,FAW,2017,12,2017-12,50,POINT (37.29047 -0.5857)
251,-1.3992183,36.6844302,05/12/2017,Kajiado County,FAW,2017,12,2017-12,49,POINT (36.6844302 -1.3992183)
252,-0.381526441,37.83991685,30/11/2017,Tharaka-Nithi,FAW,2017,11,2017-11,48,POINT (37.83991685 -0.381526441)
253,-0.9982082,35.6008312,29/11/2017,Narok,FAW,2017,11,2017-11,48,POINT (35.6008312 -0.9982082)
254,-1.4004217,36.7656218,29/11/2017,Kajiado County,FAW,2017,11,2017-11,48,POINT (36.7656218 -1.4004217)
255,-0.4476182,37.4799763,23/11/2017,Embu,FAW,2017,11,2017-11,47,POINT (37.4799763 -0.4476182)
256,-1.408468098,37.48089637,21/11/2017,Machakos County,FAW,2017,11,2017-11,47,POINT (37.48089637 -1.408468098)
257,-0.34158,37.62088,21/11/2017,Tharaka-Nithi,FAW,2017,11,2017-11,47,POINT (37.62088 -0.34158)
258,-0.3977889,37.5912438,17/11/2017,Embu,FAW,2017,11,2017-11,46,POINT (37.5912438 -0.3977889)
259,-1.28124,36.61225,13/11/2017,Kiambu,FAW,2017,11,2017-11,46,POINT (36.61225 -1.28124)
260,-0.318592,37.65946,09/11/2017,Tharaka-Nithi,FAW,2017,11,2017-11,45,POINT (37.65946 -0.318592)
261,-0.6328785,37.3611863,17/10/2017,Kirinyaga County,FAW,2017,10,2017-10,42,POINT (37.3611863 -0.6328785)
262,-1.344176,36.64176,25/09/2017,Kajiado County,FAW,2017,9,2017-09,39,POINT (36.64176 -1.344176)
263,-0.1585916,34.8543113,18/09/2017,Kisumu County,FAW,2017,9,2017-09,38,POINT (34.8543113 -0.1585916)
264,-0.4447744,37.7128589,14/09/2017,Tharaka-Nithi,FAW,2017,9,2017-09,37,POINT (37.7128589 -0.4447744)
265,0.7215922,34.7584322,13/09/2017,Bungoma County,FAW,2017,9,2017-09,37,POINT (34.7584322 0.7215922)
266,-0.96993428,35.89853636,25/07/2017,Narok,FAW,2017,7,2017-07,30,POINT (35.89853636 -0.96993428)
267,-0.2159,36.1648,26/07/2017,Nakuru,FAW,2017,7,2017-07,30,POINT (36.1648 -0.2159)
268,1.0145792,35.1967382,14/07/2017,Trans-Nzoia County,FAW,2017,7,2017-07,28,POINT (35.1967382 1.0145792)
269,0.9995849,34.9721929,30/06/2017,Trans-Nzoia County,FAW,2017,6,2017-06,26,POINT (34.9721929 0.9995849)
270,-0.1461222,36.1499578,14/06/2017,Nakuru,FAW,2017,6,2017-06,24,POINT (36.1499578 -0.1461222)
271,-0.64574801,37.31893156,08/06/2017,Kirinyaga County,FAW,2017,6,2017-06,23,POINT (37.31893156 -0.64574801)
272,-1.2220597,36.7004931,08/06/2017,Kiambu,FAW,2017,6,2017-06,23,POINT (36.7004931 -1.2220597)
273,1.0020446,35.2456022,05/06/2017,Trans-Nzoia County,FAW,2017,6,2017-06,23,POINT (35.2456022 1.0020446)
274,0.0602005,36.2184913,02/06/2017,Nakuru,FAW,2017,6,2017-06,22,POINT (36.2184913 0.0602005)
275,0.99319,34.87029,31/05/2017,Trans-Nzoia County,FAW,2017,5,2017-05,22,POINT (34.87029 0.99319)
276,1.2644533,35.130475,30/05/2017,West Pokot,FAW,2017,5,2017-05,22,POINT (35.130475 1.2644533)
277,0.95475,35.61245,18/05/2017,Elgeyo-Marakwet County,FAW,2017,5,2017-05,20,POINT (35.61245 0.95475)
278,-0.57658598,37.43290221,15/05/2017,Kirinyaga County,FAW,2017,5,2017-05,20,POINT (37.43290221 -0.57658598)
279,-0.418800298,37.50348991,12/05/2017,Embu,FAW,2017,5,2017-05,19,POINT (37.50348991 -0.418800298)
280,0.73706324,34.68771768,13/04/2017,Bungoma County,FAW,2017,4,2017-04,15,POINT (34.68771768 0.73706324)
281,0.79611,34.665526,12/04/2017,Bungoma County,FAW,2017,4,2017-04,15,POINT (34.665526 0.79611)
282,0.77862,34.7895,11/04/2017,Bungoma County,FAW,2017,4,2017-04,15,POINT (34.7895 0.77862)
283,0.7932692,34.7163129,10/04/2017,Bungoma County,FAW,2017,4,2017-04,15,POINT (34.7163129 0.7932692)
284,-0.5709673,37.0642919,14/11/2017,Nyeri,FAW,2017,11,2017-11,46,POINT (37.0642919 -0.5709673)