,species,Date,search_state,geometry
9,FAW,2021-01-06,Busia County,POINT (34.105675 0.460818)
12,FAW,2021-07-15,Kilifi County,POINT (39.896317 -3.435616)
14,FAW,2021-07-06,Busia County,POINT (34.175648 0.554142)
15,FAW,2021-05-06,Busia County,POINT (34.260564 0.54943)
18,FAW,2021-01-27,Busia County,POINT (34.264908 0.545675)
19,FAW,2021-05-17,Kilifi County,POINT (39.789663 -3.650488)
22,FAW,2021-05-03,Busia County,POINT (34.193631 0.407613)
27,FAW,2021-05-06,Bungoma County,POINT (34.718649 0.791408)
29,FAW,2021-01-06,Busia County,POINT (34.105703 0.460839)
30,FAW,2021-06-15,Busia County,POINT (34.353459 0.375406)
31,FAW,2021-06-08,Bungoma County,POINT (34.386351 0.565253)
37,FAW,2021-06-23,Kilifi County,POINT (39.900857 -3.422529)
42,FAW,2021-05-26,Busia County,POINT (34.248986 0.50538)
44,FAW,2021-05-27,Bungoma County,POINT (34.572403 0.592516)
49,FAW,2021-05-03,Busia County,POINT (34.130802 0.275283)
57,FAW,2021-05-18,Bungoma County,POINT (34.619328 0.53956)
60,FAW,2021-05-24,Bungoma County,POINT (34.526797 0.53375)
63,FAW,2021-05-20,Bungoma County,POINT (34.573431 0.592266)
65,FAW,2021-05-18,Kilifi County,POINT (40.006094 -3.276447)
66,FAW,2021-05-20,Kilifi County,POINT (40.122393 -3.129576)
82,FAW,2021-10-18,Bungoma County,POINT (34.542627 0.608626)
89,FAW,2021-10-18,Busia County,POINT (34.134939 0.412595)
91,FAW,2021-05-13,Kilifi County,POINT (39.766704 -3.900834)
94,FAW,2021-06-03,Busia County,POINT (34.257588 0.519901)
98,FAW,2021-06-22,Busia County,POINT (34.133361 0.412919)
111,FAW,2021-03-16,Kilifi County,POINT (39.978629 -3.173256)
113,FAW,2021-05-24,Bungoma County,POINT (34.574553 0.597916)
115,FAW,2021-04-28,Bungoma County,POINT (34.530102 0.564055)
119,FAW,2021-05-31,Busia County,POINT (34.108505 0.277604)
121,FAW,2021-05-03,Busia County,POINT (34.235507 0.465357)
133,FAW,2021-05-18,Busia County,POINT (34.158224 0.500176)
134,FAW,2021-05-12,Busia County,POINT (34.256573 0.525157)
141,FAW,2021-05-26,Kilifi County,POINT (40.047128 -3.266117)
145,FAW,2021-07-08,Busia County,POINT (34.257582 0.519959)
150,FAW,2021-05-17,Bungoma County,POINT (34.548512 0.516254)
155,FAW,2021-06-03,Bungoma County,POINT (34.729607 0.800477)
160,FAW,2021-05-06,Kilifi County,POINT (39.900814 -3.422769)
165,FAW,2021-04-19,Bungoma County,POINT (34.542974 0.608624)
167,FAW,2021-05-19,Kilifi County,POINT (39.900172 -3.423791)
171,FAW,2021-04-20,Busia County,POINT (34.21546 0.449915)
177,FAW,2021-06-22,Busia County,POINT (34.133361 0.412919)
184,FAW,2021-06-04,Bungoma County,POINT (34.721413 0.797028)
185,FAW,2021-05-29,Busia County,POINT (34.255532 0.526878)
188,FAW,2021-05-03,Bungoma County,POINT (34.617714 0.568752)
189,FAW,2021-05-20,Kilifi County,POINT (39.772821 -3.892211)
190,FAW,2021-05-19,Busia County,POINT (34.266045 0.545664)
191,FAW,2021-04-28,Bungoma County,POINT (34.52902 0.563753)
195,FAW,2021-06-21,Busia County,POINT (34.207309 0.43578)
204,FAW,2021-04-19,Busia County,POINT (34.131232 0.27626)
205,FAW,2021-06-02,Bungoma County,POINT (34.385325 0.558348)
206,FAW,2021-07-01,Kilifi County,POINT (40.011545 -3.225757)
208,FAW,2021-03-03,Kilifi County,POINT (39.720753 -3.903322)
213,FAW,2021-05-31,Kilifi County,POINT (39.896304 -3.435655)
214,FAW,2021-05-20,Bungoma County,POINT (34.540204 0.530457)
230,FAW,2021-05-19,Kilifi County,POINT (39.900172 -3.423791)
235,FAW,2021-05-04,Bungoma County,POINT (34.57597 0.575923)
241,FAW,2021-10-19,Busia County,POINT (34.26213 0.357372)
245,FAW,2021-05-27,Busia County,POINT (34.141509 0.497642)
246,FAW,2021-07-01,Kilifi County,POINT (39.770448 -3.897663)
248,FAW,2021-03-16,Kilifi County,POINT (39.962784 -3.202971)
250,FAW,2021-05-17,Busia County,POINT (34.131809 0.278744)
252,FAW,2021-07-09,Kilifi County,POINT (39.773143 -3.892193)
261,FAW,2021-05-04,Busia County,POINT (34.195429 0.40644)
265,FAW,2021-07-08,Kilifi County,POINT (39.902099 -3.418004)
267,FAW,2021-11-30,Baringo,POINT (35.745971 0.075945)
271,FAW,2021-06-17,Busia County,POINT (34.257576 0.519829)
275,FAW,2021-05-25,Kilifi County,POINT (39.996472 -3.221059)
287,FAW,2021-05-31,Kilifi County,POINT (40.02471 -3.24727)
288,FAW,2021-01-06,Busia County,POINT (34.105662 0.460806)
289,FAW,2021-05-24,Bungoma County,POINT (34.575545 0.596125)
292,FAW,2021-05-26,Kilifi County,POINT (40.051294 -3.264196)
297,FAW,2021-05-20,Bungoma County,POINT (34.575733 0.592494)
299,FAW,2021-05-12,Kilifi County,POINT (39.900172 -3.423791)
301,FAW,2021-06-28,Bungoma County,POINT (34.769073 0.742881)
302,FAW,2021-05-18,Kilifi County,POINT (39.993906 -3.220196)
303,FAW,2021-05-20,Kilifi County,POINT (40.00566 -3.332285)
307,FAW,2021-05-06,Kilifi County,POINT (39.904669 -3.425546)
315,FAW,2021-05-27,Kilifi County,POINT (39.922783 -3.354173)
322,FAW,2021-03-16,Kilifi County,POINT (39.963426 -3.209334)
328,FAW,2021-05-26,Kilifi County,POINT (40.047128 -3.266117)
330,FAW,2021-06-16,Kilifi County,POINT (39.896317 -3.435616)
332,FAW,2021-06-10,Bungoma County,POINT (34.575247 0.593942)
346,FAW,2021-05-13,Bungoma County,POINT (34.718995 0.799015)
349,FAW,2021-01-27,Busia County,POINT (34.276235 0.539579)
362,FAW,2021-07-01,Busia County,POINT (34.257554 0.52005)
366,FAW,2021-03-08,Kilifi County,POINT (39.926188 -3.201484)
368,FAW,2021-04-21,Bungoma County,POINT (34.637977 0.633435)
371,FAW,2021-05-06,Bungoma County,POINT (34.746165 0.745137)
377,FAW,2021-06-07,Bungoma County,POINT (34.721413 0.797028)
381,FAW,2021-05-19,Kilifi County,POINT (39.900172 -3.423791)
388,FAW,2021-12-15,Busia County,POINT (34.228482 0.381902)
392,FAW,2021-05-13,Bungoma County,POINT (34.577237 0.592728)
397,FAW,2021-05-14,Busia County,POINT (34.308392 0.684313)
399,FAW,2021-06-16,Bungoma County,POINT (34.573431 0.592266)
403,FAW,2021-01-27,Busia County,POINT (34.260046 0.536154)
404,FAW,2021-07-15,Kilifi County,POINT (39.764774 -3.894417)
406,FAW,2021-05-04,Bungoma County,POINT (34.576083 0.576037)
419,FAW,2021-04-20,Busia County,POINT (34.215475 0.449948)
420,FAW,2021-07-02,Kilifi County,POINT (40.032677 -3.270422)
421,FAW,2021-05-05,Bungoma County,POINT (34.575853 0.592493)
422,FAW,2021-05-18,Kilifi County,POINT (39.993906 -3.220196)
425,FAW,2021-07-15,Kilifi County,POINT (39.735465 -3.914397)
430,FAW,2021-04-21,Bungoma County,POINT (34.623939 0.624164)
434,FAW,2021-05-13,Kilifi County,POINT (39.725157 -3.931055)
440,FAW,2021-05-31,Bungoma County,POINT (34.559242 0.547419)
441,FAW,2021-10-19,Busia County,POINT (34.292684 0.398901)
447,FAW,2021-06-09,Kilifi County,POINT (39.900172 -3.423543)
448,FAW,2021-05-05,Bungoma County,POINT (34.604224 0.581543)
452,FAW,2021-02-09,Kilifi County,POINT (39.925225 -3.201037)
455,FAW,2021-05-24,Bungoma County,POINT (34.712431 0.614218)
456,FAW,2021-06-22,Kilifi County,POINT (40.003849 -3.242843)
461,FAW,2021-07-29,Kilifi County,POINT (39.736432 -3.915849)
464,FAW,2021-05-23,Kilifi County,POINT (40.041039 -3.279695)
467,FAW,2021-05-12,Kilifi County,POINT (39.903822 -3.422112)
473,FAW,2021-10-18,Bungoma County,POINT (34.542627 0.608626)
475,FAW,2021-05-24,Kilifi County,POINT (39.867073 -3.581976)
485,FAW,2021-05-18,Bungoma County,POINT (34.386713 0.565191)
489,FAW,2021-05-13,Kilifi County,POINT (40.044564 -3.274112)
491,FAW,2021-07-29,Kilifi County,POINT (39.764615 -3.893837)
494,FAW,2021-08-05,Kilifi County,POINT (39.764477 -3.893795)
502,FAW,2021-05-25,Busia County,POINT (34.135805 0.40909)
503,FAW,2021-07-06,Busia County,POINT (34.175725 0.554232)
515,FAW,2021-05-11,Busia County,POINT (34.205855 0.306227)
534,FAW,2021-06-06,Bungoma County,POINT (34.540056 0.530337)
539,FAW,2021-02-24,Bungoma County,POINT (34.404586 0.554621)
540,FAW,2021-10-18,Bungoma County,POINT (34.544345 0.614668)
544,FAW,2021-01-11,Busia County,POINT (34.234691 0.465596)
546,FAW,2021-10-19,Busia County,POINT (34.22245 0.31854)
548,FAW,2021-07-15,Kilifi County,POINT (39.903955 -3.422178)
551,FAW,2021-07-08,Busia County,POINT (34.25719 0.520378)
557,FAW,2021-05-05,Busia County,POINT (34.279145 0.5211)
571,FAW,2021-06-24,Bungoma County,POINT (34.719686 0.791399)
577,FAW,2021-06-03,Bungoma County,POINT (34.575161 0.596683)
578,FAW,2021-06-03,Kilifi County,POINT (39.771533 -3.895795)
581,FAW,2021-05-17,Busia County,POINT (34.130506 0.27669)
584,FAW,2021-06-11,Kilifi County,POINT (40.041039 -3.279695)
590,FAW,2021-05-31,Kilifi County,POINT (40.011224 -3.226018)
596,FAW,2021-02-24,Bungoma County,POINT (34.40093 0.555308)
598,FAW,2021-02-26,Bungoma County,POINT (34.394688 0.576396)
600,FAW,2021-05-13,Kilifi County,POINT (40.015714 -3.234411)
605,FAW,2021-06-02,Busia County,POINT (34.127288 0.40799)
609,FAW,2021-05-17,Kilifi County,POINT (39.785375 -3.28971)
611,FAW,2021-07-06,Busia County,POINT (34.184655 0.561645)
613,FAW,2021-05-27,Bungoma County,POINT (34.729517 0.800423)
616,FAW,2021-05-25,Kilifi County,POINT (39.996472 -3.221059)
618,FAW,2021-06-24,Busia County,POINT (34.275672 0.524793)
623,FAW,2021-05-24,Kilifi County,POINT (39.999359 -3.220432)
631,FAW,2021-05-06,Kilifi County,POINT (39.909487 -3.416399)
632,FAW,2021-05-31,Kilifi County,POINT (40.008659 -3.221715)
633,FAW,2021-06-27,Kilifi County,POINT (40.041039 -3.279695)
636,FAW,2021-07-01,Busia County,POINT (34.253448 0.521994)
637,FAW,2021-05-27,Kilifi County,POINT (39.764192 -3.893383)
639,FAW,2021-05-27,Busia County,POINT (34.257475 0.519986)
645,FAW,2021-06-04,Busia County,POINT (34.25944 0.535332)
646,FAW,2021-01-06,Busia County,POINT (34.105709 0.46085)
650,FAW,2021-05-31,Kilifi County,POINT (40.0093 -3.22193)
656,FAW,2021-06-22,Kilifi County,POINT (40.024738 -3.247408)
658,FAW,2021-01-06,Busia County,POINT (34.105694 0.460831)
660,FAW,2021-08-12,Kilifi County,POINT (39.737555 -3.910542)
668,FAW,2021-05-20,Kilifi County,POINT (40.005925 -3.332472)
672,FAW,2021-05-10,Busia County,POINT (34.130295 0.27604)
674,FAW,2021-05-24,Kilifi County,POINT (39.998076 -3.221475)
681,FAW,2021-05-31,Kilifi County,POINT (39.852074 -3.588205)
685,FAW,2021-05-28,Bungoma County,POINT (34.577237 0.588329)
687,FAW,2021-01-06,Busia County,POINT (34.105701 0.460839)
689,FAW,2021-05-03,Bungoma County,POINT (34.456389 0.510477)
698,FAW,2021-05-05,Busia County,POINT (34.257469 0.51995)
714,FAW,2021-05-10,Kilifi County,POINT (39.867073 -3.581976)
717,FAW,2021-04-27,Bungoma County,POINT (34.626312 0.597731)
718,FAW,2021-07-22,Kilifi County,POINT (39.736432 -3.915597)
719,FAW,2021-05-13,Bungoma County,POINT (34.729704 0.800875)
726,FAW,2021-05-24,Bungoma County,POINT (34.707248 0.615966)
728,FAW,2021-06-18,Kilifi County,POINT (40.032482 -3.270553)
731,FAW,2021-06-02,Bungoma County,POINT (34.3881 0.563468)
735,FAW,2021-05-11,Bungoma County,POINT (34.386027 0.565033)
736,FAW,2021-05-11,Busia County,POINT (34.195777 0.329635)
737,FAW,2021-05-19,Kilifi County,POINT (40.015714 -3.234165)
739,FAW,2021-04-19,Bungoma County,POINT (34.542974 0.608624)
743,FAW,2021-02-24,Bungoma County,POINT (34.40093 0.555308)
745,FAW,2021-05-29,Busia County,POINT (34.260244 0.547449)
747,FAW,2021-01-18,Busia County,POINT (34.271039 0.549062)
749,FAW,2021-05-21,Busia County,POINT (34.186788 0.338335)
759,FAW,2021-06-24,Busia County,POINT (34.257006 0.520302)
769,FAW,2021-05-12,Busia County,POINT (34.260919 0.548258)
770,FAW,2021-05-07,Kilifi County,POINT (39.770889 -3.896584)
777,FAW,2021-05-18,Kilifi County,POINT (40 -3.224335)
781,FAW,2021-06-24,Busia County,POINT (34.257551 0.519893)
783,FAW,2021-11-18,Uasin Gishu County,POINT (35.338224 0.380755)
791,FAW,2021-05-19,Kilifi County,POINT (40.015619 -3.234242)
796,FAW,2021-01-06,Busia County,POINT (34.105682 0.460821)
799,FAW,2021-04-19,Bungoma County,POINT (34.54433 0.615637)
800,FAW,2021-10-13,Bungoma County,POINT (34.569693 0.59403)
807,FAW,2021-05-18,Busia County,POINT (34.152546 0.48964)
810,FAW,2021-05-24,Bungoma County,POINT (34.574207 0.597631)
811,FAW,2021-05-25,Kilifi County,POINT (40.007697 -3.335003)
812,FAW,2021-04-21,Bungoma County,POINT (34.713514 0.611569)
813,FAW,2021-05-24,Bungoma County,POINT (34.672159 0.616716)
814,FAW,2021-07-06,Busia County,POINT (34.180103 0.556597)
820,FAW,2021-06-03,Busia County,POINT (34.2722 0.527997)
828,FAW,2021-11-09,Busia County,POINT (34.195582 0.354848)
832,FAW,2021-10-13,Bungoma County,POINT (34.569689 0.594028)
836,FAW,2021-05-19,Busia County,POINT (34.260046 0.535909)
837,FAW,2021-06-17,Busia County,POINT (34.256888 0.52042)
849,FAW,2021-10-21,Busia County,POINT (34.155455 0.357336)
851,FAW,2021-06-02,Busia County,POINT (34.131035 0.275665)
856,FAW,2021-05-19,Kilifi County,POINT (39.900172 -3.423791)
858,FAW,2021-05-14,Bungoma County,POINT (34.526488 0.533744)
861,FAW,2021-01-20,Busia County,POINT (34.150935 0.450892)
864,FAW,2021-05-26,Busia County,POINT (34.331904 0.632241)
866,FAW,2021-06-12,Busia County,POINT (34.260281 0.549842)
869,FAW,2021-04-19,Bungoma County,POINT (34.544977 0.61637)
872,FAW,2021-10-13,Bungoma County,POINT (34.569689 0.59403)
882,FAW,2021-05-04,Kilifi County,POINT (39.997113 -3.219308)
884,FAW,2021-05-05,Busia County,POINT (34.331904 0.632241)
885,FAW,2021-05-05,Bungoma County,POINT (34.567548 0.600131)
886,FAW,2021-07-06,Busia County,POINT (34.179194 0.554356)
887,FAW,2021-05-03,Kilifi County,POINT (40.045846 -3.257816)
888,FAW,2021-06-21,Busia County,POINT (34.207305 0.435777)
891,FAW,2021-05-25,Kilifi County,POINT (39.990378 -3.216429)
894,FAW,2021-05-18,Kilifi County,POINT (39.993906 -3.220196)
895,FAW,2021-05-27,Bungoma County,POINT (34.727631 0.799423)
906,FAW,2021-05-20,Bungoma County,POINT (34.724868 0.797731)
914,FAW,2021-05-12,Kilifi County,POINT (39.900172 -3.423791)
915,FAW,2021-05-26,Kilifi County,POINT (39.899529 -3.424813)
916,FAW,2021-05-11,Bungoma County,POINT (34.376655 0.558406)
917,FAW,2021-05-24,Kilifi County,POINT (39.867073 -3.581976)
921,FAW,2021-04-28,Bungoma County,POINT (34.529088 0.563718)
923,FAW,2021-07-29,Kilifi County,POINT (39.903781 -3.422067)
927,FAW,2021-04-12,Bungoma County,POINT (34.562622 0.616292)
928,FAW,2021-05-06,Bungoma County,POINT (34.729488 0.800755)
929,FAW,2021-05-31,Bungoma County,POINT (34.555089 0.538171)
930,FAW,2021-05-13,Kilifi County,POINT (40.005773 -3.22603)
932,FAW,2021-03-03,Kilifi County,POINT (39.72709 -3.906334)
935,FAW,2021-05-19,Kilifi County,POINT (40.016325 -3.233668)
940,FAW,2021-06-08,Bungoma County,POINT (34.386137 0.565143)
948,FAW,2021-01-18,Busia County,POINT (34.271046 0.549019)
960,FAW,2021-05-25,Kilifi County,POINT (40.011866 -3.337512)
973,FAW,2021-03-16,Kilifi County,POINT (39.97995 -3.172872)
974,FAW,2021-05-05,Bungoma County,POINT (34.573431 0.592755)
987,FAW,2021-10-27,Busia County,POINT (34.282455 0.616777)
989,FAW,2021-01-06,Busia County,POINT (34.105694 0.460834)
992,FAW,2021-05-31,Kilifi County,POINT (40.0093 -3.22193)
993,FAW,2021-10-18,Busia County,POINT (34.138417 0.415266)
998,FAW,2021-05-19,Kilifi County,POINT (39.900172 -3.423791)
1000,FAW,2021-06-15,Busia County,POINT (34.144676 0.397893)
1005,FAW,2021-05-24,Kilifi County,POINT (39.867073 -3.581976)
1020,FAW,2021-05-18,Bungoma County,POINT (34.386005 0.564991)
1024,FAW,2021-02-26,Bungoma County,POINT (34.413411 0.6032)
1025,FAW,2021-06-08,Bungoma County,POINT (34.527007 0.533457)
1038,FAW,2021-10-18,Busia County,POINT (34.134939 0.412595)
1039,FAW,2021-03-01,Kilifi County,POINT (39.92105 -3.198034)
1043,FAW,2021-10-19,Busia County,POINT (34.272547 0.385345)
1046,FAW,2021-04-19,Bungoma County,POINT (34.542974 0.608624)
1051,FAW,2021-01-06,Busia County,POINT (34.105704 0.460842)
1054,FAW,2021-04-20,Busia County,POINT (34.215484 0.449946)
1057,FAW,2021-08-19,Kilifi County,POINT (39.742552 -3.916757)
1058,FAW,2021-01-18,Busia County,POINT (34.271123 0.548833)
1061,FAW,2021-05-17,Bungoma County,POINT (34.548512 0.516254)
1062,FAW,2021-06-22,Bungoma County,POINT (34.913273 0.818449)
1063,FAW,2021-05-07,Kilifi County,POINT (39.720646 -3.942366)
1066,FAW,2021-05-28,Kilifi County,POINT (40.040718 -3.279464)
1069,FAW,2021-06-15,Bungoma County,POINT (34.387897 0.566718)
1074,FAW,2021-05-19,Kilifi County,POINT (40.016318 -3.241883)
1077,FAW,2021-05-26,Bungoma County,POINT (34.386282 0.565395)
1083,FAW,2021-06-03,Kilifi County,POINT (40.032478 -3.270743)
1085,FAW,2021-04-19,Busia County,POINT (34.13118 0.27615)
1091,FAW,2021-01-06,Busia County,POINT (34.105669 0.460815)
1100,FAW,2021-06-18,Bungoma County,POINT (34.729438 0.800855)
1108,FAW,2021-05-31,Kilifi County,POINT (40.011224 -3.226018)
1109,FAW,2021-02-26,Bungoma County,POINT (34.40301 0.586131)
1116,FAW,2021-10-05,Bungoma County,POINT (34.530511 0.592816)
1119,FAW,2021-05-13,Busia County,POINT (34.139298 0.40906)
1122,FAW,2021-04-15,Bungoma County,POINT (34.57335 0.58969)
1125,FAW,2021-06-10,Busia County,POINT (34.257103 0.520388)
1132,FAW,2021-05-19,Kilifi County,POINT (39.904027 -3.432508)
1134,FAW,2021-05-04,Busia County,POINT (34.20657 0.435988)
1137,FAW,2021-01-20,Busia County,POINT (34.155298 0.475933)
1142,FAW,2021-06-07,Bungoma County,POINT (34.729342 0.800807)
1143,FAW,2021-07-19,Kilifi County,POINT (39.849714 -3.581885)
1145,FAW,2021-10-18,Bungoma County,POINT (34.583855 0.589795)
1149,FAW,2021-07-29,Kilifi County,POINT (39.903063 -3.430576)
1155,FAW,2021-05-27,Busia County,POINT (34.186878 0.338737)
1157,FAW,2021-05-13,Bungoma County,POINT (34.572739 0.59276)
1164,FAW,2021-05-10,Busia County,POINT (34.142242 0.498179)
1166,FAW,2021-06-11,Kilifi County,POINT (40.024667 -3.2474)
1170,FAW,2021-02-26,Bungoma County,POINT (34.392955 0.569799)
1175,FAW,2021-05-03,Bungoma County,POINT (34.609067 0.590791)
1177,FAW,2021-05-19,Kilifi County,POINT (39.903543 -3.422193)
1178,FAW,2021-05-20,Kilifi County,POINT (39.723868 -3.932635)
1180,FAW,2021-04-29,Bungoma County,POINT (34.573431 0.592755)
1190,FAW,2021-10-19,Siaya County,POINT (34.23226 0.246346)
1191,FAW,2021-10-19,Siaya County,POINT (34.226354 0.279647)
1200,FAW,2021-05-19,Busia County,POINT (34.330169 0.636427)
1201,FAW,2021-05-12,Busia County,POINT (34.236428 0.466076)
1203,FAW,2021-05-27,Bungoma County,POINT (34.570663 0.592286)
1204,FAW,2021-05-24,Busia County,POINT (34.130331 0.276037)
1207,FAW,2021-05-24,Bungoma County,POINT (34.707248 0.615966)
1211,FAW,2021-06-04,Busia County,POINT (34.228091 0.329265)
1215,FAW,2021-01-06,Busia County,POINT (34.105697 0.460833)
1216,FAW,2021-05-04,Bungoma County,POINT (34.575853 0.591516)
1221,FAW,2021-05-04,Bungoma County,POINT (34.663567 0.724692)
1222,FAW,2021-05-26,Kilifi County,POINT (39.905633 -3.429458)
1232,FAW,2021-03-08,Kilifi County,POINT (39.993523 -3.188008)
1233,FAW,2021-05-25,Kilifi County,POINT (40.006305 -3.332157)
1234,FAW,2021-01-06,Busia County,POINT (34.105708 0.460848)
1243,FAW,2021-06-03,Busia County,POINT (34.2569 0.52039)
1244,FAW,2021-05-26,Kilifi County,POINT (40.047128 -3.266117)
1248,FAW,2021-05-18,Busia County,POINT (34.13916 0.4092)
1250,FAW,2021-06-23,Kilifi County,POINT (39.903705 -3.435494)
1251,FAW,2021-05-06,Kilifi County,POINT (40.04168 -3.278926)
1253,FAW,2021-05-13,Kilifi County,POINT (40.015714 -3.234411)
1254,FAW,2021-05-24,Kilifi County,POINT (40.05546 -3.227862)
1259,FAW,2021-08-12,Kilifi County,POINT (39.764403 -3.893758)
1261,FAW,2021-06-24,Bungoma County,POINT (34.386023 0.56492)
1268,FAW,2021-05-10,Busia County,POINT (34.131145 0.275573)
1272,FAW,2021-01-18,Busia County,POINT (34.271198 0.548878)
1278,FAW,2021-05-19,Kilifi County,POINT (39.900172 -3.423791)
1279,FAW,2021-05-25,Busia County,POINT (34.20516 0.433009)
1281,FAW,2021-05-03,Bungoma County,POINT (34.38631 0.56534)
1287,FAW,2021-07-01,Kilifi County,POINT (39.895353 -3.46018)
1296,FAW,2021-05-31,Kilifi County,POINT (39.852041 -3.588208)
1303,FAW,2021-01-20,Busia County,POINT (34.155332 0.47601)
1306,FAW,2021-05-04,Kilifi County,POINT (40.010583 -3.226295)
1309,FAW,2021-01-06,Busia County,POINT (34.105674 0.460818)
1312,FAW,2021-05-06,Kilifi County,POINT (40.034628 -3.289355)
1314,FAW,2021-07-06,Busia County,POINT (34.175314 0.552181)
1315,FAW,2021-01-11,Busia County,POINT (34.234258 0.472172)
1320,FAW,2021-05-06,Bungoma County,POINT (34.727977 0.799665)
1322,FAW,2021-05-20,Busia County,POINT (34.256885 0.52039)
1324,FAW,2021-05-12,Busia County,POINT (34.26213 0.540059)
1327,FAW,2021-06-03,Bungoma County,POINT (34.572551 0.592605)
1335,FAW,2021-05-18,Bungoma County,POINT (34.526807 0.533733)
1341,FAW,2021-05-20,Kilifi County,POINT (40.005835 -3.332613)
1343,FAW,2021-05-24,Busia County,POINT (34.131023 0.2756)
1345,FAW,2021-05-11,Busia County,POINT (34.186837 0.338698)
1353,FAW,2021-05-27,Busia County,POINT (34.271506 0.527022)
1355,FAW,2021-06-10,Busia County,POINT (34.255532 0.52296)
1366,FAW,2021-06-04,Busia County,POINT (34.260204 0.547451)
1367,FAW,2021-07-12,Kilifi County,POINT (39.98274 -3.213968)
1369,FAW,2021-05-20,Bungoma County,POINT (34.716577 0.797811)
1381,FAW,2021-05-26,Kilifi County,POINT (40.015714 -3.23392)
1382,FAW,2021-05-06,Busia County,POINT (34.26213 0.541039)
1388,FAW,2021-07-09,Kilifi County,POINT (39.737527 -3.910818)
1395,FAW,2021-10-19,Siaya County,POINT (34.226354 0.282078)
1403,FAW,2021-05-05,Bungoma County,POINT (34.758714 0.611434)
1410,FAW,2021-03-25,Kilifi County,POINT (39.769731 -3.889646)
1411,FAW,2021-01-06,Busia County,POINT (34.105698 0.460839)
1412,FAW,2021-05-17,Bungoma County,POINT (34.548512 0.516254)
1416,FAW,2021-06-24,Bungoma County,POINT (34.386285 0.565208)
1418,FAW,2021-07-01,Kilifi County,POINT (39.764398 -3.893788)
1419,FAW,2021-05-03,Busia County,POINT (34.13035 0.275929)
1421,FAW,2021-04-28,Bungoma County,POINT (34.530078 0.56433)
1430,FAW,2021-05-31,Kilifi County,POINT (40.012507 -3.22645)
1431,FAW,2021-06-03,Kilifi County,POINT (39.771533 -3.895795)
2754,FAW,2021-05-08,Bungoma County,POINT (34.665526 0.79611)
2763,FAW,2021-11-03,Nakuru,POINT (36.1748 -0.275)
2764,FAW,2021-11-03,Nakuru,POINT (36.1748 -0.275)
