VALUE,
0.00535241
0.00277854
0.00365705
0.00292554
0.00400509
0.01130313
0.00156409
0.00209847
0.01825947
0.06105463
0.03704410
0.00159498
0.00150251
0.00125302
0.00125769
0.05610343
0.12608674
0.00403903
0.00161022
0.00127385
0.00113916
0.00097126
0.00075925
0.08693879
0.06732762
0.00160887
0.00148971
0.00132762
0.00116469
0.00106127
0.00092820
0.00081994
0.00072330
0.00052880
0.00707474
0.02185116
0.00078828
0.00067911
0.00054713
0.00046296
0.00020056
0.00014956
0.00181376
0.00875881
0.00295034
0.00089840
0.00081292
0.00068753
0.00042809
0.00131838
0.00059912
0.00045047
0.00043777
0.00055614
0.00040632
0.00013452
0.00012998
0.00017637
0.00267898
0.00668174
0.01523392
0.00137781
0.00091214
0.00073796
0.00059683
0.00044201
0.00029032
0.00041645
0.00030379
0.00028821
0.00032885
0.00027392
0.00017993
0.00011168
0.00198887
0.00865563
0.00004831
0.00003995
0.00029609
0.00045150
0.00077285
0.00445316
0.00279496
0.00352424
0.01896090
0.00100155
0.00078884
0.00062100
0.00039175
0.00033312
0.00035400
0.00021603
0.00021061
0.00022859
0.00026785
0.00037717
0.00016440
0.00035028
0.00083951
0.00003071
0.00032723
0.00357439
0.01598735
0.00648049
0.00479221
0.00321634
0.00234494
0.00335939
0.00100216
0.00074748
0.00062621
0.00050642
0.00033468
0.00024577
0.00019321
0.00016749
0.00016892
0.00018738
0.00024246
0.00058707
0.00170345
0.00026874
0.00077020
0.00038616
0.00814547
0.00437601
0.00599016
0.00401980
0.00196987
0.00122902
0.00084989
0.00066548
0.00054973
0.00042378
0.00032907
0.00027384
0.00024599
0.00018695
0.00018729
0.00019258
0.00021396
0.00029439
0.00222087
0.00514106
0.00052944
0.00017701
0.00039190
0.00006228
0.00005420
0.00015084
0.00210588
0.00167926
0.00186082
0.00213350
0.00256707
0.00310792
0.00398009
0.01467559
0.00959975
0.00577941
0.00322009
0.00857681
0.00509805
0.00377908
0.00570022
0.00295266
0.00053483
0.00018299
0.00018187
0.00019157
0.00021924
0.00032145
0.00047285
0.00071846
0.00046429
0.00014392
0.00005997
0.00004125
0.00006236
0.00089006
0.00107312
0.00147769
0.00313128
0.00250529
0.00309853
0.00366393
0.01701840
0.01489990
0.01261687
0.00974595
0.00693882
0.00431019
0.00242621
0.01211582
0.00679330
0.00385799
0.00791731
0.01503968
0.00424378
0.00054820
0.00041350
0.00030309
0.00024406
0.00020152
0.00019211
0.00019112
0.00018191
0.00019572
0.00021283
0.00027428
0.00041671
0.00089468
0.00084882
0.00010944
0.00025545
0.00079389
0.00083029
0.00073542
0.00090183
0.00286776
0.00343131
0.00406398
0.01990182
0.01661776
0.01489035
0.01456733
0.01169723
0.00880795
0.00587144
0.00344077
0.00184593
0.00068823
0.01089373
0.00656551
0.00436868
0.01068580
0.00262558
0.00064222
0.00044686
0.00030745
0.00022468
0.00019483
0.00020562
0.00035747
0.00019260
0.00018810
0.00022153
0.00024544
0.00051337
0.00037667
0.00039926
0.00010221
0.00005504
0.00005849
0.00012759
0.00040650
0.00088358
0.00067867
0.00063193
0.00097764
0.00735890
0.01029378
0.01206492
0.01145189
0.01063225
0.01067999
0.01062790
0.00780571
0.00553586
0.00351154
0.00170369
0.00109362
0.00049757
0.00029410
0.00020830
0.00017421
0.00017664
0.00011310
0.00011719
0.00010270
0.00011168
0.00010146
0.01776904
0.00449628
0.00256034
0.00105423
0.00056428
0.00039889
0.00026233
0.00021323
0.00020368
0.00032421
0.00062134
0.00021114
0.00019010
0.00021615
0.00023813
0.00030183
0.00024247
0.00012679
0.00007975
0.00005078
0.00005735
0.00017589
0.00053598
0.00104752
0.00077014
0.00075164
0.00407981
0.00551059
0.00482456
0.00512964
0.00668525
0.00848840
0.00936874
0.01037449
0.00913075
0.00723343
0.00562328
0.00442669
0.00407807
0.00224395
0.00121403
0.00067599
0.00037028
0.00030745
0.00036907
0.00025614
0.00018617
0.00016415
0.00011613
0.00012183
0.01219927
0.00528849
0.00255561
0.00097332
0.00051209
0.00038970
0.00027181
0.00021207
0.00027458
0.00313788
0.00162170
0.00023596
0.00019769
0.00021264
0.00023816
0.00016505
0.00013597
0.00012982
0.00009081
0.00007950
0.00094003
0.00095856
0.00064423
0.00093754
0.00125546
0.00310738
0.00540342
0.00778787
0.02159402
0.00541746
0.00465156
0.00438935
0.00488022
0.00671747
0.00795751
0.00800968
0.00805843
0.00738009
0.00582628
0.00421486
0.00242346
0.00178499
0.00109160
0.00069415
0.00051020
0.00062262
0.00044656
0.00091771
0.00025315
0.00018980
0.00015588
0.00126901
0.00075959
0.00067888
0.00028563
0.00022626
0.00044384
0.00045908
0.00054302
0.00021907
0.00021884
0.00028858
0.00041324
0.00024161
0.00017490
0.00010883
0.00008483
0.00097325
0.00137602
0.00083784
0.00073036
0.00188227
0.00390418
0.00803606
0.01501073
0.04428174
0.10511381
0.00541698
0.00481099
0.00404606
0.00356448
0.00404237
0.00502950
0.00601155
0.00624294
0.00602968
0.00626521
0.00508569
0.00370073
0.00242174
0.00177292
0.00118701
0.00087395
0.00060048
0.00068915
0.00062278
0.00044862
0.00028849
0.00018785
0.00014596
0.00144624
0.00071323
0.00060288
0.00032611
0.00026067
0.00045246
0.00050469
0.00030461
0.00024601
0.00025360
0.00021698
0.00016488
0.00015590
0.00012562
0.00008312
0.00008192
0.00140826
0.00097924
0.00068285
0.00055688
0.00056915
0.00061428
0.00059036
0.00110227
0.00247496
0.00495397
0.01435150
0.02477224
0.02783448
0.04031484
0.03729776
0.00918907
0.00525736
0.00436883
0.00399931
0.00427732
0.00557245
0.01030365
0.05814181
0.00579548
0.00539404
0.00445244
0.00367170
0.00295859
0.00302049
0.00346738
0.00448342
0.00441782
0.00446438
0.00441791
0.00438254
0.00367775
0.00246364
0.00170192
0.00129899
0.00114280
0.00094771
0.00076203
0.00061446
0.00039749
0.00029601
0.00022258
0.00203970
0.00084336
0.00052344
0.00031214
0.00029476
0.00043088
0.00037880
0.00024169
0.00025817
0.00038282
0.00026646
0.00015721
0.00013006
0.00011305
0.00007258
0.00006170
0.00004792
0.00046468
0.00036413
0.00041343
0.00043592
0.00045092
0.00052397
0.00078797
0.00135420
0.00310582
0.00947630
0.03114668
0.04539780
0.02595629
0.01854100
0.01557649
0.00583538
0.00464696
0.00390430
0.00357077
0.00329640
0.00316704
0.00346905
0.00460060
0.00495720
0.00760113
0.33009827
0.08737160
0.00614937
0.00506048
0.00448814
0.00363164
0.00318025
0.00266676
0.00253056
0.00259661
0.00321702
0.00297847
0.00314593
0.00373201
0.00440997
0.00311066
0.00254333
0.00219599
0.00264933
0.00374650
0.00191151
0.00077099
0.00051117
0.00040871
0.00031175
0.00935596
0.00262236
0.00299276
0.00188956
0.00039005
0.00058183
0.00140262
0.00106396
0.00020082
0.00021180
0.00034292
0.00036254
0.00020767
0.00010301
0.00010457
0.00007042
0.00006583
0.00005076
0.00052217
0.00036380
0.00042585
0.00043135
0.00044957
0.00053462
0.00069145
0.00150125
0.00401888
0.02127924
0.07861627
0.05663017
0.01695464
0.00713913
0.00620743
0.00443683
0.00350773
0.00334580
0.00322936
0.00341606
0.00298441
0.00255831
0.00262142
0.00273853
0.00276409
0.00494084
0.02639306
0.01148926
0.01120601
0.01643612
0.00984799
0.00619885
0.00489130
0.00416367
0.00346640
0.00288146
0.00264000
0.00211482
0.00201612
0.00204067
0.00207398
0.00237522
0.00293482
0.00379357
0.00389615
0.00326989
0.00226015
0.00174130
0.00206813
0.00189161
0.00069821
0.00045753
0.00039733
0.01356396
0.00349800
0.00160225
0.00094510
0.00043189
0.00100061
0.00178595
0.00095739
0.00018372
0.00016279
0.00016650
0.00017237
0.00016286
0.00011043
0.00013099
0.00007824
0.00007187
0.00008977
0.00056062
0.00032935
0.00031949
0.00036455
0.00037861
0.00040844
0.00050025
0.00070226
0.00145141
0.00430294
0.02664415
0.09685474
0.05671569
0.00836028
0.00536132
0.00496511
0.00349113
0.00308904
0.00280711
0.00342837
0.00369809
0.00228154
0.00217085
0.00690586
0.00468854
0.00231519
0.00212731
0.00719320
0.00880139
0.00558280
0.00385067
0.00318641
0.00392407
0.00692941
0.00626193
0.00462881
0.00360004
0.00308425
0.00256088
0.00233171
0.00216175
0.00202901
0.00173735
0.00190080
0.00202881
0.00226165
0.00211473
0.00248881
0.00199463
0.00186273
0.00212908
0.00111419
0.00082856
0.00064540
0.00048461
0.00043968
0.00453818
0.00201857
0.00101139
0.00392565
0.05026124
0.04949304
0.00080193
0.00023055
0.00021896
0.00015440
0.00012228
0.00010704
0.00012344
0.00012525
0.00009057
0.00007516
0.00007632
0.00006350
0.00038593
0.00065552
0.00122547
0.00370880
0.01495528
0.02047243
0.01015913
0.00466927
0.00394994
0.00362979
0.00293911
0.00258472
0.00236959
0.00215624
0.00198954
0.00206894
0.00200943
0.00191194
0.00203876
0.00210597
0.00191295
0.00547306
0.00403516
0.00616211
0.00346205
0.00265526
0.00240489
0.00268768
0.01081449
0.00491027
0.00355680
0.00309709
0.00300177
0.00250518
0.00212319
0.00205482
0.00203289
0.00204160
0.00198891
0.00174026
0.00218760
0.00234591
0.00145985
0.00128143
0.00129151
0.00147678
0.00232546
0.00136258
0.00075097
0.00053030
0.00048580
0.00793032
0.00261349
0.00144416
0.00279083
0.01592395
0.08917969
0.09879282
0.00090718
0.00024119
0.00016521
0.00011336
0.00008784
0.00007851
0.00009177
0.00007239
0.00007565
0.00007743
0.00007528
0.00033022
0.00040076
0.00048763
0.00060066
0.00099527
0.00222000
0.00512652
0.00616439
0.00423516
0.00316886
0.00290764
0.00291046
0.00254882
0.00228556
0.00202244
0.00188370
0.00181054
0.00178531
0.00176363
0.00179390
0.00178970
0.00175053
0.00164860
0.00453116
0.00275769
0.00274123
0.01403154
0.00505466
0.00231315
0.00216929
0.00254494
0.00282327
0.00283218
0.00277620
0.00268126
0.00236034
0.00201304
0.00178413
0.00174276
0.00172024
0.00169799
0.00157333
0.00165764
0.00199750
0.00132333
0.00125986
0.00106154
0.00119338
0.00134438
0.00104097
0.00069186
0.00052675
0.00694849
0.00410017
0.01758776
0.07106809
0.20834345
0.15043715
0.00279988
0.00140331
0.00016423
0.00012036
0.00009303
0.00007872
0.00007895
0.00008035
0.00007777
0.00009245
0.00008543
0.00009320
0.00009869
0.00054373
0.00046257
0.00044209
0.00076275
0.00158622
0.00246999
0.00226870
0.00189011
0.00178490
0.00197994
0.00223952
0.00210347
0.00206503
0.00201427
0.00190597
0.00170971
0.00155606
0.00150144
0.00145570
0.00138893
0.00126341
0.00141572
0.00198599
0.00239294
0.00200937
0.00307536
0.00275236
0.00241213
0.00208642
0.00221308
0.00219434
0.00208869
0.00206652
0.00208096
0.00185231
0.00167716
0.00164417
0.00147160
0.00143973
0.00129278
0.00145564
0.00140386
0.00147324
0.00118049
0.00099279
0.00087031
0.00077131
0.00072940
0.00069175
0.00054673
0.00818629
0.01745130
0.06446202
0.04555220
0.06894044
0.07663307
0.00122270
0.00030732
0.00017903
0.00013069
0.00010222
0.00014629
0.00009888
0.00008239
0.00007584
0.00010123
0.00007743
0.00008172
0.00051694
0.00088514
0.00069808
0.00075950
0.00071990
0.00100467
0.00198850
0.00165022
0.00091556
0.00113777
0.00119595
0.00124063
0.00142634
0.00165487
0.00174548
0.00180992
0.00172051
0.00172580
0.00162608
0.00167420
0.00195354
0.00188711
0.00146515
0.00115195
0.00109409
0.00112816
0.00174546
0.00177592
0.00148105
0.00167320
0.00185598
0.00175392
0.00184989
0.00174380
0.00152207
0.00149638
0.00166089
0.00183836
0.00153280
0.00135041
0.00136066
0.00126805
0.00115391
0.00121987
0.00131208
0.00117332
0.00113355
0.00095409
0.00082275
0.00067626
0.00066447
0.00061395
0.00057872
0.01656131
0.00827844
0.04962980
0.11026662
0.01766229
0.00143522
0.00053397
0.00031179
0.00018003
0.00014814
0.00012937
0.00013808
0.00013978
0.00011329
0.00009154
0.00009346
0.00012697
0.00008731
0.00039632
0.00023576
0.00048683
0.00122696
0.00128753
0.00175912
0.00297809
0.00454470
0.00150838
0.00053273
0.00066994
0.00080020
0.00104042
0.00125136
0.00141443
0.00145617
0.00163989
0.00160176
0.00154008
0.00148007
0.00145343
0.00174293
0.00187877
0.00166932
0.00152214
0.00144969
0.00131396
0.00172253
0.00165327
0.00166388
0.00162239
0.00149678
0.00147410
0.00359023
0.00347988
0.00237506
0.00186419
0.00150553
0.00116489
0.00103639
0.00110872
0.00100964
0.00099705
0.00102483
0.00104543
0.00084974
0.00068862
0.00062321
0.00064796
0.00058032
0.01985911
0.01666078
0.00706251
0.00321236
0.00048970
0.00033635
0.00027845
0.00022511
0.00016363
0.00018546
0.00021744
0.00020128
0.00017236
0.00011183
0.00009846
0.00017597
0.00009795
0.00011604
0.00009171
0.00011798
0.00121096
0.00491545
0.00785223
0.00470850
0.00413887
0.00096153
0.00045407
0.00042368
0.00068307
0.00092660
0.00116253
0.00144303
0.00155260
0.00158924
0.00171117
0.00153965
0.00139508
0.00155177
0.00168893
0.00162756
0.00164647
0.00147152
0.00150862
0.00129778
0.00122616
0.00127755
0.00127791
0.00129792
0.00137335
0.00157896
0.00150055
0.00129047
0.00128303
0.00168116
0.00254367
0.00265549
0.00191462
0.00135730
0.00111352
0.00100807
0.00108768
0.00104268
0.00093907
0.00083180
0.00086465
0.00074288
0.00066658
0.00059455
0.00061490
0.00345944
0.00119825
0.00060636
0.00043610
0.00031269
0.00026890
0.00020384
0.00030401
0.00072061
0.00043109
0.00033333
0.00016391
0.00012787
0.00016250
0.00014173
0.00012516
0.00011858
0.00013188
0.00018241
0.00102348
0.02929085
0.05864322
0.00646081
0.00334680
0.00080909
0.00052911
0.00048760
0.00046113
0.00061522
0.00089218
0.00130115
0.00170120
0.00177485
0.00222572
0.00315744
0.00271755
0.00197036
0.00194389
0.00173730
0.00182217
0.00175282
0.00161105
0.00138835
0.00125985
0.00125408
0.00125163
0.00117316
0.00115941
0.00121699
0.00128169
0.00127931
0.00111090
0.00107378
0.00141947
0.00245121
0.00202581
0.00157842
0.00104538
0.00092997
0.00086411
0.00092731
0.00102342
0.00093425
0.00081907
0.00078573
0.00073951
0.00073306
0.00055096
0.00060323
0.00551995
0.00275207
0.00169463
0.00073287
0.00044308
0.00028565
0.00022378
0.00030766
0.00063334
0.00098884
0.00054078
0.00024917
0.00018893
0.00021226
0.00034994
0.00018761
0.00013835
0.00015499
0.00024092
0.00108904
0.04769697
0.09446842
0.00483096
0.00160494
0.00088439
0.00082757
0.00069236
0.00055400
0.00046870
0.00097280
0.00154809
0.00259985
0.00298520
0.00439151
0.01009837
0.00807594
0.00248482
0.00225025
0.00157623
0.00154151
0.00155498
0.00155578
0.00130056
0.00114235
0.00116991
0.00121009
0.00104841
0.00093084
0.00093408
0.00106388
0.00102028
0.00095721
0.00098918
0.00134485
0.00123279
0.00120063
0.00117668
0.00097274
0.00075836
0.00071512
0.00091764
0.00099740
0.00083040
0.00066103
0.00062257
0.00058406
0.00059103
0.00058037
0.00052965
0.01246750
0.00584911
0.00188435
0.00113501
0.00078230
0.00039134
0.00024518
0.00043525
0.00188971
0.00346241
0.00072643
0.00034316
0.00025319
0.00043920
0.00095763
0.00035384
0.00015737
0.00016890
0.00031294
0.00066141
0.00730538
0.03248100
0.06603339
0.00640799
0.00150699
0.00126072
0.00117160
0.00101676
0.00090493
0.00063710
0.00046736
0.00050706
0.00096023
0.00180957
0.00334341
0.00418539
0.00609810
0.01201767
0.00734260
0.00268406
0.00209347
0.00151673
0.00136325
0.00123610
0.00131667
0.00121520
0.00106033
0.00091197
0.00080948
0.00091376
0.00091457
0.00088639
0.00080968
0.00081540
0.00105172
0.00095605
0.00089636
0.00096882
0.00106942
0.00066907
0.00077264
0.00111739
0.00146961
0.00102006
0.00061009
0.00055669
0.00055880
0.00056591
0.00076816
0.00060131
0.01574999
0.00538628
0.00327577
0.00200968
0.00054660
0.00033551
0.00068707
0.00135160
0.00114351
0.00072143
0.00041449
0.00036460
0.00038883
0.00048504
0.00034483
0.00020953
0.00020771
0.00030237
0.00121362
0.00377197
0.01031691
0.01120657
0.00497025
0.00301478
0.00210686
0.00146391
0.00142784
0.00141854
0.00091540
0.00063031
0.00070410
0.00119299
0.00251051
0.00590421
0.00995981
0.01250693
0.01160561
0.00525986
0.00245141
0.00174376
0.00134817
0.00115639
0.00103254
0.00101177
0.00095209
0.00085383
0.00075489
0.00071093
0.00077765
0.00081206
0.00072354
0.00065496
0.00070977
0.00074007
0.00068324
0.00062654
0.00062390
0.00059899
0.00064299
0.00091585
0.00141894
0.00127027
0.00093159
0.00071198
0.00052998
0.00050650
0.00052056
0.00059450
0.00066356
0.02078408
0.01850028
0.01379471
0.00077543
0.00051470
0.00079499
0.00106099
0.00162778
0.00113410
0.00051140
0.00046763
0.00054880
0.00060307
0.00035970
0.00025864
0.00026433
0.00060880
0.00356044
0.00492412
0.00521596
0.00440246
0.00436401
0.00381308
0.00246893
0.00187776
0.00155237
0.00117054
0.00097266
0.00097171
0.00113457
0.00233609
0.00539009
0.01503432
0.02710626
0.02255077
0.01396227
0.00522318
0.00220758
0.00155418
0.00110880
0.00117941
0.00114925
0.00093937
0.00085498
0.00078616
0.00071700
0.00064714
0.00066656
0.00065772
0.00061602
0.00057351
0.00055568
0.00053336
0.00056343
0.00054800
0.00056668
0.00056135
0.00058270
0.00073934
0.00100916
0.00112747
0.00076015
0.00059133
0.00046544
0.00045517
0.00043847
0.00047189
0.00055166
0.23001412
0.21041945
0.15221141
0.07407502
0.00120238
0.00073934
0.00086652
0.00090366
0.00140931
0.00107874
0.00063647
0.00050996
0.00041191
0.00053103
0.00037282
0.00039914
0.00047064
0.00302427
0.01002415
0.00712951
0.00658480
0.01723176
0.00697817
0.00489926
0.00633471
0.00546293
0.00384494
0.00211173
0.00175094
0.00130634
0.00121727
0.00157311
0.00288362
0.00539763
0.01628236
0.14745595
0.16715068
0.05538072
0.01006085
0.00387391
0.00186059
0.00121984
0.00099988
0.00100029
0.00095188
0.00090388
0.00085268
0.00079325
0.00075224
0.00072407
0.00063261
0.00060629
0.00063606
0.00061351
0.00056588
0.00055104
0.00052475
0.00048411
0.00043142
0.00045733
0.00048056
0.00052163
0.00055199
0.00078051
0.00099872
0.00104434
0.00080749
0.00062853
0.00045358
0.00038987
0.00037659
0.00039889
0.00045301
0.35809714
0.20918891
0.08927197
0.00192823
0.00112265
0.00114244
0.00105255
0.00176244
0.00148851
0.00074480
0.00057223
0.00051144
0.00047134
0.00047018
0.00052958
0.00071995
0.00789220
0.01657164
0.00340830
0.00410565
0.00276638
0.01858095
0.03809043
0.01023234
0.00706789
0.01671618
0.01588012
0.01120656
0.00297741
0.00226675
0.00172819
0.00158568
0.00229621
0.00669998
0.01936405
0.12679961
0.35065854
0.26154345
0.04044494
0.00555777
0.00242796
0.00153246
0.00127871
0.00098737
0.00089905
0.00081963
0.00078656
0.00073357
0.00069873
0.00064951
0.00056403
0.00058024
0.00054231
0.00053219
0.00049542
0.00044579
0.00041773
0.00037914
0.00035838
0.00036581
0.00043038
0.00051125
0.00065865
0.00084434
0.00082116
0.00057995
0.00049383
0.00040383
0.00036080
0.00034712
0.00032174
0.00033601
0.26654997
0.17392129
0.05137294
0.00451784
0.00178928
0.00132552
0.00141582
0.00274365
0.00373823
0.00126771
0.00085899
0.00095174
0.00062589
0.00087614
0.00053426
0.00179538
0.00826645
0.01120232
0.00103857
0.02638912
0.06475553
0.05582215
0.03866411
0.05863388
0.05253294
0.09418736
0.01215159
0.00257700
0.00184067
0.00194130
0.00348794
0.00954343
0.04467691
0.17858441
0.16958568
0.07768507
0.00825205
0.00331474
0.00185951
0.00132161
0.00101425
0.00087909
0.00073591
0.00067476
0.00064294
0.00055308
0.00056013
0.00056202
0.00053860
0.00052764
0.00049224
0.00050842
0.00048819
0.00045843
0.00043846
0.00039633
0.00035118
0.00029822
0.00030610
0.00031363
0.00035080
0.00039250
0.00053764
0.00061157
0.00064687
0.00057231
0.00046000
0.00036629
0.00031703
0.00028716
0.00030413
0.00028366
0.26681933
0.30421841
0.19099227
0.03233301
0.00360430
0.00178871
0.00177515
0.01661278
0.02871303
0.00705419
0.00167195
0.00202018
0.00222257
0.00079489
0.00069915
0.00102531
0.00201673
0.00413656
0.00202857
0.04584057
0.11852695
0.12952235
0.06408976
0.04455468
0.03690684
0.14380328
0.03574419
0.00551606
0.00225382
0.00220542
0.00387258
0.00981843
0.02589710
0.03255148
0.01661097
0.00879571
0.00402202
0.00171445
0.00111275
0.00087890
0.00082414
0.00066537
0.00067806
0.00069142
0.00062126
0.00054300
0.00050024
0.00053959
0.00045870
0.00046785
0.00043322
0.00040501
0.00041993
0.00041551
0.00037059
0.00033035
0.00030791
0.00026454
0.00025777
0.00027560
0.00029596
0.00035848
0.00046753
0.00045922
0.00049330
0.00042583
0.00036486
0.00033881
0.00029946
0.00027669
0.00027661
0.00025877
0.22692516
0.19825053
0.21691336
0.15885541
0.00623075
0.00293580
0.00268318
0.00633808
0.01807947
0.01591754
0.00343026
0.00177362
0.00100384
0.00068844
0.00061941
0.00091878
0.00094087
0.00160650
0.00489799
0.04395667
0.08831317
0.13556547
0.06175711
0.04651187
0.03904382
0.14538653
0.03713866
0.00581198
0.00246431
0.00218212
0.00320198
0.00518541
0.01275880
0.01175818
0.00664584
0.00351390
0.00147486
0.00110979
0.00076792
0.00070252
0.00071294
0.00069290
0.00069299
0.00062844
0.00059387
0.00050266
0.00046656
0.00044590
0.00042549
0.00041993
0.00039296
0.00040860
0.00040335
0.00037128
0.00031905
0.00029501
0.00028491
0.00024469
0.00023844
0.00024180
0.00025627
0.00030822
0.00035056
0.00037776
0.00036587
0.00037707
0.00032174
0.00032240
0.00027887
0.00026827
0.00024521
0.00025517
0.30245170
0.31486085
0.34071460
0.19795389
0.04008251
0.00393013
0.00400117
0.00587883
0.01135203
0.01937201
0.00790950
0.00325036
0.00121470
0.00100979
0.00109087
0.00138640
0.00155783
0.00164502
0.00043666
0.00271081
0.02875745
0.05506227
0.05776640
0.05620499
0.04628476
0.02980636
0.01629775
0.01908203
0.01102379
0.00443552
0.00287595
0.00262350
0.00278210
0.00297398
0.00294311
0.00230183
0.00141828
0.00123742
0.00097263
0.00093940
0.00078468
0.00065805
0.00064746
0.00060206
0.00060242
0.00055639
0.00055363
0.00049328
0.00044506
0.00042365
0.00041632
0.00038585
0.00037619
0.00037814
0.00034926
0.00031623
0.00029097
0.00026464
0.00024743
0.00023816
0.00021083
0.00020572
0.00020733
0.00024889
0.00026151
0.00026202
0.00028837
0.00030892
0.00028835
0.00029249
0.00025945
0.00025434
0.00023045
0.00020417
0.21575052
0.24770215
0.27725086
0.18623623
0.05575264
0.00702834
0.00582177
0.00840310
0.02935619
0.11318519
0.08055360
0.00299877
0.00247833
0.00085466
0.00112021
0.00130664
0.00196268
0.00027188
0.01293686
0.03786776
0.05426408
0.07367530
0.07578330
0.08955807
0.11139271
0.02731136
0.02113881
0.01049838
0.00394914
0.00307099
0.00230228
0.00198264
0.00213076
0.00179657
0.00151128
0.00126968
0.00106866
0.00092519
0.00086828
0.00079115
0.00066063
0.00062831
0.00055344
0.00052454
0.00055759
0.00049752
0.00045628
0.00045595
0.00043433
0.00040682
0.00039545
0.00035714
0.00032933
0.00029680
0.00028568
0.00026152
0.00025121
0.00021991
0.00018419
0.00016581
0.00016552
0.00017344
0.00018222
0.00020269
0.00022370
0.00024660
0.00028213
0.00024424
0.00022227
0.00020008
0.00020024
0.00018388
0.00019151
0.20023185
0.16943349
0.11921691
0.09053051
0.06071680
0.01109897
0.00858993
0.01178925
0.01998168
0.02536115
0.00776762
0.00280450
0.00165335
0.00110860
0.00138712
0.00248186
0.00217737
0.01378477
0.04370110
0.05898151
0.08152032
0.12267790
0.13189179
0.18027113
0.12132022
0.02981866
0.01810675
0.00548844
0.00374680
0.00209678
0.00202407
0.00219249
0.00169772
0.00169244
0.00140998
0.00150210
0.00138966
0.00113163
0.00089869
0.00075167
0.00063531
0.00048939
0.00050708
0.00052477
0.00047892
0.00048382
0.00042735
0.00039483
0.00036021
0.00030381
0.00031502
0.00027852
0.00026283
0.00024180
0.00022276
0.00019587
0.00017534
0.00015646
0.00015126
0.00014437
0.00015292
0.00016021
0.00017983
0.00021396
0.00023860
0.00023186
0.00018942
0.00018364
0.00017268
0.00018289
0.00018671
0.25570577
0.19425991
0.20974676
0.28643531
0.33318931
0.15446307
0.01433017
0.01410231
0.11679685
0.10239265
0.01038459
0.00335644
0.00306354
0.00107750
0.00082234
0.00100445
0.00044380
0.00654597
0.03679654
0.06040875
0.07907136
0.10893474
0.12554708
0.17880738
0.17194934
0.21021593
0.09112230
0.00999409
0.00462716
0.00418687
0.00275955
0.00224374
0.00196814
0.00221610
0.00183219
0.00176708
0.00116238
0.00092114
0.00086175
0.00078490
0.00072983
0.00060797
0.00053377
0.00048837
0.00054274
0.00053726
0.00052594
0.00047093
0.00038461
0.00033521
0.00030727
0.00027481
0.00025522
0.00024400
0.00022571
0.00021064
0.00017668
0.00015285
0.00014011
0.00013906
0.00012365
0.00014054
0.00014332
0.00014509
0.00015518
0.00016919
0.00017352
0.00016180
0.00014619
0.00015851
0.00015856
0.00015310
0.33603922
0.25551662
0.32708466
0.45871803
0.38644874
0.18008322
0.02103069
0.02858086
0.04300553
0.01880448
0.01034330
0.00893607
0.00950269
0.00164099
0.00112682
0.00096784
0.00110067
0.00942281
0.04077920
0.08856646
0.08176429
0.08930011
0.08339224
0.06828314
0.06596445
0.18080640
0.11103722
0.02232375
0.00669929
0.00578477
0.00317032
0.00354963
0.00215627
0.00207947
0.00215281
0.00187062
0.00127790
0.00109912
0.00100614
0.00082250
0.00068695
0.00060091
0.00057821
0.00052203
0.00048089
0.00050976
0.00052681
0.00046451
0.00036373
0.00035389
0.00029978
0.00024991
0.00023217
0.00021126
0.00019330
0.00018795
0.00015685
0.00013908
0.00012344
0.00011824
0.00011846
0.00013668
0.00015684
0.00014468
0.00013840
0.00015098
0.00015228
0.00014042
0.00014376
0.00014514
0.00014304
0.00013650
0.33584055
0.28635755
0.33365846
0.43705842
0.41743127
0.21470545
0.02959152
0.03023616
0.04316264
0.02999607
0.01653144
0.02360151
0.02313194
0.00307222
0.00180454
0.00140635
0.00043759
0.00067165
0.00392654
0.02716337
0.08524661
0.12218371
0.08371980
0.06091823
0.06112598
0.05206821
0.04321634
0.11151849
0.02345984
0.01142486
0.01282403
0.00967248
0.00547721
0.00354063
0.00273436
0.00241621
0.00263017
0.00214212
0.00167689
0.00115233
0.00094808
0.00079429
0.00073351
0.00062885
0.00057255
0.00048529
0.00047913
0.00043697
0.00042351
0.00033635
0.00033306
0.00033643
0.00030238
0.00026256
0.00022248
0.00019293
0.00019728
0.00021106
0.00018392
0.00012730
0.00011611
0.00010256
0.00010263
0.00011171
0.00013228
0.00012962
0.00012956
0.00012522
0.00013216
0.00013500
0.00013635
0.00012243
0.00013977
0.00014007
0.42988077
0.34821981
0.34879997
0.36700761
0.36295050
0.21839106
0.10701845
0.03957436
0.03289830
0.02951107
0.02166534
0.05044437
0.07926361
0.04681682
0.01675958
0.00355920
0.00241702
0.01345337
0.03801275
0.03039419
0.03821448
0.11895241
0.16565375
0.14343634
0.06409310
0.03645024
0.01893501
0.02609336
0.06571186
0.06568782
0.01655255
0.01735660
0.01817633
0.01166491
0.00503490
0.00392996
0.00265685
0.00231595
0.00232421
0.00255251
0.00188091
0.00092645
0.00084132
0.00074344
0.00063315
0.00057235
0.00052320
0.00044815
0.00040558
0.00038649
0.00035985
0.00032739
0.00029899
0.00031047
0.00028772
0.00025808
0.00020595
0.00019096
0.00017210
0.00014341
0.00012291
0.00011410
0.00010661
0.00009553
0.00010039
0.00011264
0.00010562
0.00011382
0.00012083
0.00011278
0.00011968
0.00012363
0.00012946
0.00012593
0.00012210
0.47990879
0.42137629
0.40173095
0.43230373
0.40899816
0.67273068
0.61923915
0.41866350
0.34194586
0.04735427
0.02799710
0.03438961
0.14846969
0.18317626
0.06726568
0.01146860
0.00565971
0.00226413
0.00272375
0.01051533
0.02755754
0.07839925
0.18818991
0.18984790
0.16611117
0.07201502
0.07321063
0.06327823
0.04604679
0.13687740
0.18233576
0.04108993
0.01500359
0.01272225
0.00959782
0.00508005
0.00292580
0.00275343
0.00306005
0.00241459
0.00250592
0.00348164
0.00100301
0.00075613
0.00068382
0.00059533
0.00052514
0.00048665
0.00046081
0.00038923
0.00034828
0.00033816
0.00028792
0.00028040
0.00027182
0.00024774
0.00025257
0.00024895
0.00020971
0.00016908
0.00014530
0.00013271
0.00012072
0.00010953
0.00010306
0.00010480
0.00010071
0.00010311
0.00009917
0.00010397
0.00010382
0.00011055
0.00011951
0.00011187
0.00011137
0.00011196
0.49589404
0.46247420
0.48210993
0.49643293
0.81461143
0.79051703
0.68979859
0.53840429
0.58444643
0.29976436
0.04782626
0.04535536
0.17328270
0.21989895
0.11445244
0.02419225
0.00493797
0.00307991
0.00350414
0.03826093
0.11784125
0.14593601
0.19814460
0.19644776
0.17219628
0.13867036
0.12977628
0.13038701
0.13441786
0.26378748
0.19813450
0.03921366
0.01766489
0.01076245
0.00809986
0.00622904
0.00445718
0.00421071
0.00443336
0.00418572
0.00646748
0.00179271
0.00123863
0.00090991
0.00081252
0.00064367
0.00056780
0.00060004
0.00049596
0.00041441
0.00039847
0.00030288
0.00027347
0.00027007
0.00023577
0.00021191
0.00021637
0.00024729
0.00022815
0.00020772
0.00016488
0.00014394
0.00013899
0.00011700
0.00010242
0.00010715
0.00011187
0.00010353
0.00010556
0.00010532
0.00010509
0.00010854
0.00009889
0.00010175
0.00009911
0.00009452
0.54762655
0.55269647
0.56051433
0.54594964
0.73534131
0.68560487
0.61149609
0.37686369
0.40413633
0.27361110
0.08660677
0.05094853
0.10097144
0.15442477
0.14953972
0.04512301
0.00610484
0.01000432
0.01287187
0.03010159
0.13299225
0.24659564
0.19272090
0.17671353
0.21895866
0.18182763
0.16514049
0.11221455
0.13276935
0.24063493
0.27697933
0.22380711
0.03319021
0.01599002
0.01107696
0.00836504
0.00722840
0.00850431
0.00797533
0.00711256
0.00495995
0.00189522
0.00134597
0.00100996
0.00080883
0.00072315
0.00064303
0.00061011
0.00049239
0.00044327
0.00054941
0.00052793
0.00039623
0.00029003
0.00024322
0.00021472
0.00019462
0.00022657
0.00026052
0.00026223
0.00021275
0.00014775
0.00014279
0.00012483
0.00009824
0.00010553
0.00012348
0.00011353
0.00011087
0.00011147
0.00009891
0.00009955
0.00009711
0.00009351
0.00009594
0.00008814
0.42657724
0.54009145
0.59182441
0.58433712
0.54983288
0.62306780
0.76157999
0.68651688
0.54050279
0.24710347
0.22838998
0.33839247
0.11091756
0.06663812
0.11238891
0.15728037
0.10110097
0.02087172
0.03471191
0.05148708
0.03766226
0.09755797
0.18787462
0.22762883
0.23514767
0.22917448
0.20470347
0.21153635
0.16815655
0.13083343
0.13825463
0.23692955
0.25712395
0.32850876
0.19845496
0.02125969
0.01157316
0.00721332
0.00730070
0.00859306
0.00596402
0.00569851
0.00481187
0.00320498
0.00189705
0.00119176
0.00098038
0.00085217
0.00066940
0.00054733
0.00048844
0.00062559
0.00059988
0.00048878
0.00043159
0.00035054
0.00029181
0.00023712
0.00021389
0.00021505
0.00025770
0.00024672
0.00020204
0.00015882
0.00015992
0.00014036
0.00010425
0.00010108
0.00011680
0.00011770
0.00011399
0.00010162
0.00009731
0.00010677
0.00010070
0.00009886
0.00009258
0.00008769
0.14277911
0.16827706
0.47566494
0.60763609
0.81197262
0.61040443
0.61505628
0.67543340
0.83428824
0.71284068
0.57100147
0.25612244
0.23358929
0.27993277
0.11197285
0.15143688
0.15407328
0.13553703
0.05971548
0.02278885
0.02481181
0.04568370
0.04514756
0.12126250
0.20637740
0.24423045
0.29046303
0.27107355
0.24460678
0.19015652
0.18891016
0.15767914
0.14958754
0.20231481
0.24167472
0.23239154
0.03385330
0.01819519
0.01309829
0.01185356
0.00971128
0.00875410
0.00591419
0.00609755
0.00609021
0.00510930
0.00323000
0.00143274
0.00128466
0.00227656
0.00153073
0.00060898
0.00053792
0.00061516
0.00053512
0.00036728
0.00030071
0.00027106
0.00025347
0.00024350
0.00019511
0.00018387
0.00019850
0.00019785
0.00018843
0.00019151
0.00016702
0.00017462
0.00013474
0.00013526
0.00011641
0.00011352
0.00011119
0.00011422
0.00011053
0.00011448
0.00010840
0.00009938
0.00009033
0.00009813
0.19724828
0.24628465
0.50214159
0.72408772
0.89152896
0.68891072
0.66242534
0.77320170
0.84249002
0.77221644
0.66176039
0.38036326
0.40732774
0.22632350
0.11763284
0.22544698
0.17964782
0.09061116
0.04618612
0.02439656
0.02826220
0.04669839
0.09978453
0.14232998
0.19775513
0.26725397
0.25953308
0.24415340
0.28547859
0.22015332
0.23018891
0.16781090
0.19057652
0.17186049
0.20279424
0.19188912
0.05754952
0.03890656
0.02419953
0.02181240
0.01531695
0.01081788
0.00679405
0.00688490
0.00657689
0.00609136
0.00404093
0.00255065
0.00442265
0.00309450
0.00088798
0.00089265
0.00060862
0.00044424
0.00039493
0.00038029
0.00034745
0.00028381
0.00026066
0.00020491
0.00019220
0.00016977
0.00017144
0.00022042
0.00021729
0.00022186
0.00021803
0.00019371
0.00015769
0.00014655
0.00013568
0.00013519
0.00013132
0.00012240
0.00011731
0.00011218
0.00011614
0.00010818
0.00010906
0.00010023
0.54011452
0.56218880
0.68814886
0.63725346
0.91183043
0.70162737
0.66160661
0.60170680
0.73811918
0.78280538
0.70448875
0.60271794
0.53425813
0.20619145
0.15980373
0.24912891
0.21843041
0.08907700
0.04625094
0.03438525
0.14493248
0.16718625
0.18024051
0.21926820
0.22619548
0.25994715
0.28815320
0.28157040
0.31283838
0.23199072
0.25190145
0.23719880
0.20311080
0.17308803
0.23765871
0.32118699
0.24269466
0.05358374
0.02723765
0.02254779
0.02408960
0.01457648
0.00965585
0.00816000
0.00794906
0.00827463
0.00576724
0.00319172
0.00184907
0.00108571
0.00093188
0.00072483
0.00057928
0.00054346
0.00053530
0.00048038
0.00041539
0.00034264
0.00029172
0.00017589
0.00017947
0.00021049
0.00020993
0.00019607
0.00020048
0.00017094
0.00017035
0.00017904
0.00016083
0.00013839
0.00015159
0.00013346
0.00013430
0.00013258
0.00009931
0.00008906
0.00009897
0.00011407
0.87643588
0.77006471
0.76828629
0.57905734
0.62793171
0.68294698
0.64456224
0.63062674
0.56001669
0.50089616
0.47870559
0.50752175
0.39664873
0.36565128
0.17999062
0.21514979
0.29778314
0.24131621
0.08866438
0.04238633
0.03674817
0.08587515
0.18016772
0.22383663
0.28807396
0.24610411
0.25530422
0.25398281
0.26812991
0.36086673
0.25948572
0.30298069
0.23713095
0.15453079
0.12623228
0.12880515
0.17216079
0.20716606
0.09891379
0.05537095
0.03647432
0.03564155
0.01630582
0.01147837
0.01103527
0.01311866
0.01324752
0.00654433
0.00368054
0.00206627
0.00117373
0.00083683
0.00086649
0.00081066
0.00073755
0.00078966
0.00068273
0.00052016
0.00040942
0.00035587
0.00029169
0.00022631
0.00019006
0.00018638
0.00019760
0.00022218
0.00020997
0.00021990
0.00016635
0.00017960
0.00017991
0.00015375
0.00015716
0.00015361
0.00014614
0.00014077
0.00012829
0.00011149
0.00011446
0.00010747
0.00010825
0.95037442
0.93725526
0.91309172
0.89878672
0.52800894
0.56207812
0.65576816
0.62889785
0.62971723
0.58271098
0.50658101
0.46553794
0.48113838
0.41422763
0.37901863
0.21163641
0.12246904
0.28663534
0.21465001
0.06793197
0.05016590
0.12870590
0.10404129
0.17586483
0.26174402
0.29885635
0.28316680
0.30144823
0.30118009
0.28607887
0.37541786
0.25119084
0.28516245
0.22888377
0.12489264
0.08242800
0.06897245
0.15978344
0.15272792
0.04030780
0.02474141
0.02687664
0.02818714
0.11546841
0.16926476
0.01034071
0.01377927
0.01462975
0.00732120
0.00429423
0.00313810
0.00232723
0.00114921
0.00108610
0.00091745
0.00083683
0.00090251
0.00073089
0.00054057
0.00043896
0.00038835
0.00029530
0.00023912
0.00019001
0.00019273
0.00021449
0.00022399
0.00023899
0.00017208
0.00016920
0.00016277
0.00015284
0.00013839
0.00011445
0.00012770
0.00012924
0.00011683
0.00011564
0.00010377
0.00011362
0.00011729
0.85620546
0.63132292
0.58759356
0.43747544
0.43569160
0.47483280
0.52861226
0.59648544
0.57957071
0.56238502
0.49549422
0.43525827
0.42164513
0.41930312
0.29685083
0.12523739
0.11615013
0.32035699
0.24207635
0.07748503
0.09071630
0.19581607
0.28209835
0.27290326
0.27904773
0.30619541
0.33005741
0.31736958
0.40935478
0.37163487
0.31620735
0.29449657
0.17027807
0.09784507
0.07174210
0.08605833
0.14685006
0.11285952
0.02664778
0.01626263
0.01567610
0.01199454
0.01142887
0.01272062
0.03231686
0.05614397
0.02100415
0.00545823
0.00429926
0.00353971
0.00241727
0.00136722
0.00120535
0.00109230
0.00104251
0.00076568
0.00057882
0.00051713
0.00046020
0.00034309
0.00028173
0.00022554
0.00018607
0.00020722
0.00022520
0.00025107
0.00022160
0.00017543
0.00015016
0.00014750
0.00015456
0.00011536
0.00010645
0.00013910
0.00013407
0.00009978
0.00011664
0.00010631
0.00010740
0.00011580
0.64890480
0.66506195
0.63854522
0.58970934
0.56097406
0.54441345
0.37647736
0.38645053
0.47947776
0.55473369
0.58236635
0.53351307
0.47062770
0.44287601
0.42618385
0.41180682
0.24937549
0.09944584
0.25464806
0.32636508
0.31775224
0.10355465
0.08848133
0.23091851
0.27776566
0.29361317
0.31549263
0.30358255
0.31462532
0.30331776
0.35830632
0.31312701
0.30768755
0.28521568
0.19062227
0.08893869
0.05401788
0.03334432
0.02858623
0.03355612
0.02651943
0.01951681
0.07153070
0.06331723
0.01834805
0.02401749
0.03602762
0.06181056
0.08647357
0.00830378
0.00985579
0.00376219
0.00235168
0.00169674
0.00127233
0.00092963
0.00091723
0.00077464
0.00076324
0.00069913
0.00050814
0.00038062
0.00029737
0.00023041
0.00019480
0.00021669
0.00020282
0.00019239
0.00017504
0.00018589
0.00019484
0.00015168
0.00015260
0.00014626
0.00015345
0.00017538
0.00016629
0.00014105
0.00021720
0.00021803
0.71280164
0.69853556
0.62288570
0.59285760
0.56296808
0.51917839
0.51331526
0.32863063
0.38404867
0.44859198
0.53211159
0.50468230
0.48229039
0.43046862
0.41308188
0.34535408
0.30496767
0.13644202
0.23958087
0.36689168
0.21712358
0.04703790
0.01911452
0.02391249
0.18256094
0.27970460
0.32186657
0.33013481
0.27088290
0.27610183
0.27695575
0.29542994
0.32924411
0.33215058
0.29901764
0.29878944
0.37190259
0.29111639
0.23192099
0.05729717
0.06058859
0.05660372
0.05952185
0.04360454
0.05278315
0.05932819
0.09287709
0.23016943
0.24120304
0.10819159
0.13979863
0.01346955
0.00904189
0.00305806
0.00197722
0.00147242
0.00127906
0.00105216
0.00105008
0.00103439
0.00078171
0.00066384
0.00050162
0.00041209
0.00030304
0.00025249
0.00023182
0.00018499
0.00016384
0.00015750
0.00016398
0.00016301
0.00025564
0.00024433
0.00019558
0.00016690
0.00014482
0.00016641
0.00019821
0.00015163
0.00026418
0.00026821
0.74088460
0.72265553
0.63561976
0.67268103
0.58169216
0.54684728
0.53161186
0.51403570
0.32037348
0.30531108
0.41717073
0.48507097
0.51301694
0.51428950
0.43342179
0.41099420
0.31094989
0.23570709
0.11772670
0.26570365
0.41320792
0.21988474
0.04732861
0.01422366
0.02604569
0.18923444
0.28912231
0.34351224
0.31365821
0.23181355
0.25340012
0.31336990
0.34747323
0.34810081
0.36265314
0.34789336
0.35643455
0.37785131
0.30143702
0.27866673
0.15518536
0.22785193
0.25399303
0.11788113
0.09698851
0.11240621
0.21393260
0.29867131
0.45605019
0.26692095
0.05768146
0.05712303
0.01119266
0.00894279
0.00408351
0.00214668
0.00167105
0.00162723
0.00140656
0.00127258
0.00106035
0.00080187
0.00061903
0.00051736
0.00038817
0.00030107
0.00025525
0.00024353
0.00023255
0.00013457
0.00015437
0.00015773
0.00028898
0.00031118
0.00023060
0.00018490
0.00015748
0.00013575
0.00016035
0.00017335
0.00020886
0.00021504
0.74896622
0.72999150
0.62410814
0.66134942
0.56108242
0.54058582
0.49195769
0.48668700
0.47421086
0.45098051
0.31830055
0.37906212
0.47987965
0.46977898
0.45203573
0.40618315
0.33433589
0.23494653
0.19225170
0.21619312
0.27019194
0.31877002
0.08838772
0.02209019
0.14248221
0.35038540
0.39182556
0.36809364
0.29522631
0.22315136
0.21046598
0.21353032
0.31391519
0.34623125
0.35727960
0.40962866
0.39077994
0.35799772
0.29339755
0.35123831
0.46711659
0.22891159
0.35842246
0.37920550
0.19761743
0.32718909
0.30485943
0.25700378
0.28649858
0.21123691
0.04472472
0.06097877
0.01115059
0.00767569
0.00354474
0.00283258
0.00272668
0.00167812
0.00143496
0.00142972
0.00117930
0.00081571
0.00058661
0.00041779
0.00036470
0.00030261
0.00029086
0.00024329
0.00023316
0.00022198
0.00020800
0.00015225
0.00012728
0.00012923
0.00013357
0.00026196
0.00028886
0.00023297
0.00019963
0.00016988
0.00014194
0.00016831
0.00017925
0.00021008
0.00019373
0.75521463
0.73368263
0.62538373
0.74336290
0.55544603
0.49932009
0.47259316
0.43767342
0.36937046
0.38435709
0.28680274
0.30963865
0.42213389
0.49526814
0.46596831
0.43483073
0.35473126
0.24749011
0.28894499
0.33480722
0.32759780
0.32059616
0.15526257
0.05863657
0.29353967
0.38989949
0.34787777
0.31948841
0.22951841
0.20894250
0.21671157
0.25804636
0.35191137
0.37704179
0.39326486
0.29903266
0.31724247
0.31205747
0.35446948
0.41300625
0.48387417
0.47688711
0.37451774
0.70304084
0.39670354
0.61156571
0.20945540
0.35922781
0.11954501
0.03584006
0.01934816
0.00864111
0.00492547
0.00249474
0.00225602
0.00267802
0.00197900
0.00169059
0.00140485
0.00108565
0.00081956
0.00059309
0.00047696
0.00045323
0.00035240
0.00035651
0.00044340
0.00034950
0.00031483
0.00027630
0.00021808
0.00019971
0.00019209
0.00018841
0.00025605
0.00028385
0.00023350
0.00019406
0.00018300
0.00016192
0.00018631
0.00021815
0.00030635
0.00031176
0.86103028
0.73075914
0.71681172
0.61462653
0.69121766
0.73035115
0.68386191
0.66947299
0.67896152
0.60266364
0.43232453
0.36205477
0.35358104
0.37906900
0.56335247
0.57137012
0.50606072
0.37036860
0.29432964
0.30663738
0.38224584
0.37970525
0.36003977
0.24828029
0.19320941
0.16710450
0.35381928
0.28264338
0.22523507
0.30508915
0.30120763
0.23769771
0.20656261
0.23972631
0.31253433
0.38619548
0.39501023
0.29441524
0.31312969
0.36887223
0.40033290
0.55488306
0.70629925
0.58098209
0.61045909
0.85468054
0.52114546
0.46333930
0.38103086
0.37602371
0.08194015
0.03352055
0.01336180
0.00645508
0.00329914
0.00168003
0.00227941
0.00288142
0.00212112
0.00152547
0.00111528
0.00102593
0.00098107
0.00074452
0.00069247
0.00055235
0.00042787
0.00043067
0.00058193
0.00060499
0.00054535
0.00046973
0.00038726
0.00031428
0.00030233
0.00029577
0.00028999
0.00026704
0.00025549
0.00020518
0.00020415
0.00024788
0.00027106
0.00030903
0.00025700
0.00027868
0.60667038
0.53830105
0.69385910
0.62527829
0.72231245
0.79086018
0.73997176
0.74921674
0.64183891
0.65514737
0.24590838
0.15190499
0.19168046
0.29587197
0.43027386
0.63778925
0.40133715
0.27359566
0.24671966
0.25656381
0.37535018
0.34074748
0.47780052
0.30004269
0.29469547
0.33953738
0.44859377
0.49818164
0.36922953
0.33420631
0.27406096
0.25198299
0.22931516
0.25617486
0.28277409
0.32018486
0.34228337
0.39246032
0.39924574
0.36296877
0.31413704
0.33305055
0.44476181
0.70251644
0.73349398
0.62144578
0.54685372
0.59432179
0.44906083
0.18029185
0.05696096
0.02787762
0.01098455
0.00563572
0.00375352
0.00145676
0.00187548
0.00221058
0.00162107
0.00125596
0.00096814
0.00077516
0.00107246
0.00096626
0.00074107
0.00064663
0.00053834
0.00057142
0.00084334
0.00068991
0.00064314
0.00066198
0.00067169
0.00053571
0.00050963
0.00051007
0.00047767
0.00035347
0.00035896
0.00025795
0.00026988
0.00021322
0.00032974
0.00029143
0.00025755
0.00026238
0.41831362
0.38744611
0.56840944
0.68386829
0.56299073
0.52569276
0.49459577
0.42313612
0.30965742
0.33090177
0.33985785
0.16624193
0.13913172
0.20452021
0.21334472
0.30712384
0.36918831
0.29000178
0.24745102
0.26296896
0.39356700
0.34719953
0.31314522
0.32208812
0.37087816
0.43665832
0.45816034
0.40672365
0.34033534
0.33254057
0.26124042
0.19950351
0.22066250
0.25567135
0.31358624
0.41515362
0.40063995
0.44279161
0.42954603
0.46630967
0.33054769
0.21313784
0.24185327
0.53934705
0.61597025
0.69778842
0.60119981
0.45336348
0.22869112
0.07391366
0.03579975
0.01526576
0.00867800
0.00465224
0.00317566
0.00182952
0.00132055
0.00153628
0.00125607
0.00104460
0.00083989
0.00055242
0.00052189
0.00060101
0.00065400
0.00061163
0.00054946
0.00073195
0.00077193
0.00100969
0.00097264
0.00066830
0.00068853
0.00071307
0.00060263
0.00061055
0.00057972
0.00051687
0.00037945
0.00027548
0.00027813
0.00032890
0.00039280
0.00040510
0.00031451
0.00032088
0.34452730
0.37938434
0.45846176
0.64203167
0.62509316
0.58627349
0.59031838
0.50342727
0.48725161
0.41710326
0.39367795
0.40717447
0.36812204
0.32653588
0.33977133
0.42348671
0.21878761
0.28685677
0.28825265
0.27843502
0.28601560
0.31533590
0.32564482
0.40732872
0.40545860
0.48061299
0.46909651
0.35447031
0.33373240
0.31204334
0.22562064
0.20536096
0.21819276
0.29088885
0.35417962
0.43462840
0.44177240
0.39098087
0.43046835
0.33460137
0.21329866
0.17414735
0.12896790
0.45889336
0.54508680
0.66226554
0.55070508
0.34643361
0.12896240
0.05567019
0.02622150
0.01251459
0.00451137
0.00237412
0.00214508
0.00132937
0.00118301
0.00103004
0.00088637
0.00082216
0.00058464
0.00049059
0.00044766
0.00046327
0.00044437
0.00045597
0.00046956
0.00068953
0.00075437
0.00098586
0.00095611
0.00067075
0.00068647
0.00071039
0.00059590
0.00059235
0.00058439
0.00053019
0.00040497
0.00027669
0.00028334
0.00033664
0.00041871
0.00042160
0.00033992
0.00032075
0.39100718
0.49426407
0.73967195
0.63490939
0.56212848
0.52044731
0.29459527
0.31321648
0.24885686
0.24629864
0.27739045
0.31448156
0.34283382
0.24612795
0.28773469
0.35150266
0.33170652
0.23089139
0.26343587
0.43521217
0.46375373
0.48552394
0.50543153
0.45175844
0.30741626
0.32540175
0.27722651
0.20540778
0.16775651
0.25143790
0.29238373
0.35729012
0.42748073
0.44242713
0.64812165
0.54921454
0.33671138
0.32328528
0.18473816
0.17713198
0.30701369
0.77211297
0.47331926
0.21672283
0.07142939
0.03558342
0.02390798
0.01036365
0.00340835
0.00381550
0.00234253
0.00167368
0.00126886
0.00135258
0.00112972
0.00075674
0.00058506
0.00044309
0.00032073
0.00031804
0.00027487
0.00021295
0.00024596
0.00040978
0.00117718
0.00077902
0.00078206
0.00073447
0.00065744
0.00063643
0.00056800
0.00057421
0.00061394
0.00038979
0.00037970
0.00029109
0.00028049
0.00034097
0.00037791
0.00041408
0.00039144
0.00036926
0.29602355
0.24631731
0.20860131
0.24169779
0.31348577
0.29983124
0.27440891
0.33414420
0.34255081
0.35805064
0.30936378
0.29604375
0.38140088
0.43198404
0.45097384
0.44220811
0.44394535
0.44505847
0.27436435
0.32205814
0.27963388
0.18754648
0.11633732
0.13815711
0.22606920
0.45651349
0.46790519
0.39934516
0.60032266
0.53089118
0.27498841
0.15843561
0.24697994
0.39819583
0.26470888
0.34664324
0.62840837
0.44244611
0.18938977
0.06079909
0.01984983
0.02003545
0.01026753
0.01001950
0.01208182
0.00825779
0.00435579
0.00205971
0.00227784
0.00164853
0.00114602
0.00082974
0.00045232
0.00051493
0.00062601
0.00034397
0.00030122
0.00016737
0.00018038
0.00062687
0.00224308
0.00224248
0.00120163
0.00091693
0.00071739
0.00135614
0.00136645
0.00144884
0.00092477
0.00051670
0.00030409
0.00032796
0.00035042
0.00043579
0.00042968
0.00040656
0.00041784
0.38657376
0.21895450
0.31674278
0.30892849
0.28837240
0.30378541
0.17802581
0.20866415
0.24563205
0.24703750
0.25990698
0.33127236
0.36226588
0.41870457
0.38665712
0.36777589
0.36645576
0.35485187
0.29108718
0.30665922
0.39280957
0.13895163
0.09925868
0.13721780
0.33482111
0.51404089
0.54051155
0.52632964
0.46677959
0.34882283
0.21823904
0.40470964
0.46335295
0.26960459
0.45120698
0.57768738
0.40351787
0.18783578
0.08775210
0.01214393
0.01078860
0.01440502
0.02384157
0.02365543
0.01588638
0.00915388
0.00458673
0.00324559
0.00155092
0.00096841
0.00076603
0.00060450
0.00069985
0.00076520
0.00086570
0.00081188
0.00080697
0.00020962
0.00017927
0.00264834
0.00269580
0.00157620
0.00139641
0.00124710
0.00133317
0.00133360
0.00202818
0.00117519
0.00064565
0.00032691
0.00034479
0.00038492
0.00041969
0.00044253
0.00042858
0.00043299
0.43763477
0.43868443
0.40285259
0.48711571
0.40167415
0.39356145
0.34613150
0.24556091
0.21585830
0.22663671
0.11527938
0.13449346
0.20103171
0.24370973
0.19419093
0.19444212
0.29863134
0.35288987
0.30833244
0.31452653
0.30726075
0.27468717
0.30132747
0.40441546
0.16820383
0.10258307
0.06897360
0.30549979
0.50425726
0.60320532
0.65761441
0.57482702
0.32470205
0.43761674
0.55777127
0.44087091
0.37947097
0.60869437
0.53642702
0.35220402
0.08758699
0.03413019
0.03463919
0.05772947
0.03485464
0.04307962
0.04095438
0.02417958
0.01171987
0.00674247
0.00398249
0.00204831
0.00113236
0.00079843
0.00067599
0.00074619
0.00086880
0.00108264
0.00107280
0.00126451
0.00102355
0.00018626
0.00159170
0.00160458
0.00191017
0.00184767
0.00174924
0.00166275
0.00166047
0.00165871
0.00141464
0.00070559
0.00044442
0.00047583
0.00048263
0.00048029
0.00058803
0.00049540
0.00046761
0.27681732
0.46426436
0.55659246
0.53715378
0.52660632
0.37860170
0.31252164
0.28425077
0.28706664
0.29000103
0.23392759
0.12158301
0.10867517
0.17492987
0.24111946
0.23817395
0.14999463
0.17883985
0.29073697
0.33339152
0.26613975
0.27551454
0.21584551
0.22676422
0.31959957
0.19231959
0.14617191
0.12339234
0.11399637
0.28941488
0.62200564
0.77685893
0.74453896
0.70596474
0.52108788
0.64687115
0.76998031
0.62255806
0.66188318
0.68448746
0.54628927
0.35231557
0.10913685
0.04260735
0.07622184
0.10301494
0.06915130
0.05878119
0.05612223
0.03538719
0.01944561
0.01027310
0.00546674
0.00301433
0.00215914
0.00140064
0.00097752
0.00088207
0.00102818
0.00118715
0.00109097
0.00128615
0.00100837
0.00019939
0.00157001
0.00157245
0.00188346
0.00183168
0.00174824
0.00166653
0.00167462
0.00166941
0.00141172
0.00070811
0.00044295
0.00046784
0.00049363
0.00045926
0.00060431
0.00048689
0.00049500
0.45785323
0.47546929
0.40491530
0.43917400
0.59077322
0.62027198
0.56624883
0.30606097
0.21340920
0.15888834
0.22884859
0.35152978
0.29406822
0.34786612
0.29589176
0.18384255
0.21350749
0.27758470
0.24611346
0.17969216
0.12409370
0.20666799
0.30701217
0.19990268
0.23551694
0.20118828
0.15633464
0.26069802
0.35192859
0.18299595
0.16152039
0.10460761
0.19727290
0.57573903
0.82220387
0.77113754
0.75691843
0.77340543
0.69537902
0.67146140
0.69777030
0.52691799
0.53797245
0.44749132
0.23190466
0.06581824
0.28533900
0.41519788
0.18387266
0.14199735
0.10461785
0.06622326
0.03516484
0.02276649
0.01306066
0.00861933
0.00590278
0.00343451
0.00207284
0.00120185
0.00093664
0.00098120
0.00100466
0.00089693
0.00117831
0.00113031
0.00088363
0.00016022
0.00014961
0.00158842
0.00157696
0.00133905
0.00110578
0.00112434
0.00102810
0.00074230
0.00048041
0.00052881
0.00053595
0.00051846
0.00055929
0.00055473
0.00049708
0.00046913
0.84079134
0.82689399
0.66047406
0.62198609
0.61119831
0.58835644
0.57998884
0.38934961
0.31599411
0.16975114
0.18763013
0.13646227
0.37691766
0.35798296
0.39647138
0.39851832
0.18553999
0.20319130
0.23398019
0.23919944
0.18546124
0.14555340
0.14149460
0.19204164
0.26593760
0.30885839
0.28001317
0.20715694
0.28241545
0.29951385
0.22810601
0.15658043
0.09153594
0.15521628
0.39202577
0.62822890
0.75764668
0.81131166
0.79845077
0.65924990
0.57806706
0.47705287
0.47782135
0.50611728
0.52005512
0.34129030
0.07838184
0.25556010
0.48431623
0.36578578
0.26640558
0.13658027
0.05914649
0.03332498
0.02422378
0.01729632
0.01030715
0.00596277
0.00378110
0.00233927
0.00133054
0.00089143
0.00077236
0.00081363
0.00073531
0.00087662
0.00129974
0.00129821
0.00073303
0.00071255
0.00080101
0.00084240
0.00072446
0.00062463
0.00064505
0.00061879
0.00048917
0.00050308
0.00038656
0.00040844
0.00051395
0.00064946
0.00043325
0.00039765
0.00041131
0.65156054
0.65256530
0.62139803
0.61749327
0.62317890
0.57738346
0.51860738
0.31681466
0.19579944
0.15527381
0.19598299
0.15001288
0.37468404
0.40180799
0.53363740
0.48207763
0.25469816
0.24539727
0.22586147
0.22186095
0.18583095
0.15686816
0.12804407
0.13530205
0.25482315
0.36806124
0.62508422
0.55863672
0.41790637
0.25745693
0.21673328
0.18834151
0.10244629
0.11511514
0.24508724
0.54764444
0.86067599
0.90865052
0.73652613
0.41370729
0.46023610
0.44977513
0.44371307
0.44526237
0.44468400
0.41196576
0.38762960
0.44790226
0.33611608
0.16364351
0.07674094
0.04153908
0.03026043
0.01993511
0.01193478
0.00584596
0.00352600
0.00228700
0.00162402
0.00117966
0.00100539
0.00088721
0.00077142
0.00103408
0.00140582
0.00154002
0.00117955
0.00115436
0.00092466
0.00065313
0.00053264
0.00055696
0.00057184
0.00072386
0.00055863
0.00052463
0.00048970
0.00046446
0.00042084
0.00044120
0.00040434
0.00042357
0.00043185
0.37036636
0.44725698
0.59208065
0.62222087
0.62743163
0.54664654
0.37181807
0.26571980
0.18355104
0.18231764
0.18823142
0.25064933
0.33055675
0.45833802
0.52342856
0.48295003
0.33938900
0.27037138
0.24942076
0.23923078
0.22199245
0.18154432
0.15014637
0.13558330
0.26783323
0.28831011
0.55868995
0.27602628
0.25615406
0.19348653
0.11611725
0.14500357
0.32673639
0.57409972
0.84823978
0.86721873
0.80090004
0.52619064
0.42879096
0.42299494
0.37230843
0.40789196
0.44393453
0.25507110
0.16535158
0.16730641
0.29236349
0.35536668
0.21317157
0.07915180
0.04775674
0.04066904
0.03009424
0.01882625
0.01204505
0.00649732
0.00403249
0.00260026
0.00178489
0.00152766
0.00110241
0.00107963
0.00085392
0.00090811
0.00131069
0.00162371
0.00143419
0.00142550
0.00126104
0.00045990
0.00049528
0.00047011
0.00048652
0.00050682
0.00043718
0.00049593
0.00047793
0.00043820
0.00046140
0.00042269
0.00040765
0.00038740
0.00038266
0.48995081
0.56871200
0.61429143
0.62726176
0.54854727
0.48109603
0.28475416
0.22809492
0.18997422
0.23233604
0.30203572
0.36207679
0.45825014
0.47303283
0.42694324
0.37648228
0.37478152
0.29740295
0.29708096
0.24365927
0.21475343
0.23668335
0.15829732
0.19537742
0.33207995
0.58674699
0.57950425
0.57697558
0.30725795
0.24934688
0.15029654
0.13905390
0.25838852
0.43544674
0.64594960
0.79362017
0.81386167
0.79070330
0.52323967
0.36675537
0.33948961
0.36506885
0.44805419
0.30575326
0.28135580
0.34693661
0.33511180
0.24772993
0.13852116
0.06792510
0.05849818
0.02914951
0.02585304
0.01740653
0.01106608
0.00621332
0.00378903
0.00256332
0.00179091
0.00153682
0.00094729
0.00097487
0.00084898
0.00094681
0.00135224
0.00165954
0.00145736
0.00144170
0.00127213
0.00046366
0.00052237
0.00049007
0.00050512
0.00052506
0.00046330
0.00052993
0.00044380
0.00045144
0.00050406
0.00045289
0.00042779
0.00040133
0.00042560
0.38826719
0.52586174
0.60962141
0.60110039
0.68833798
0.55134702
0.29005826
0.24038413
0.22662291
0.26473889
0.28657585
0.36330131
0.43632412
0.43908930
0.39571294
0.40899864
0.38744682
0.37009403
0.30080068
0.28766778
0.28518933
0.25273862
0.20580488
0.27306706
0.37363309
0.40488535
0.36289710
0.46246669
0.35843825
0.31841305
0.16872412
0.27431613
0.46899444
0.65501231
0.75447291
0.77357179
0.76538640
0.61427712
0.52829462
0.49735585
0.37819466
0.45114186
0.46096238
0.39618963
0.37014455
0.39011192
0.46447009
0.45392087
0.34723410
0.18383376
0.13703695
0.12461683
0.03015066
0.02749149
0.01564135
0.01031638
0.00600853
0.00385158
0.00269577
0.00186164
0.00118535
0.00084078
0.00083749
0.00071899
0.00077829
0.00096667
0.00133270
0.00073787
0.00069738
0.00070519
0.00049552
0.00048589
0.00036934
0.00038553
0.00040133
0.00036932
0.00043842
0.00039737
0.00041963
0.00057842
0.00042834
0.00040023
0.00040909
0.00040994
0.00040066
0.30159679
0.37602833
0.50252742
0.60111791
0.57061511
0.52405673
0.44805011
0.34192699
0.26460636
0.32418948
0.34220001
0.39075837
0.39366382
0.38465983
0.38906938
0.38881436
0.39358473
0.37785840
0.34022552
0.31277239
0.33195037
0.34391758
0.32279348
0.28844050
0.33389592
0.37855333
0.33251256
0.21470997
0.22283356
0.29963946
0.37813744
0.37776098
0.43234271
0.71339399
0.84303683
0.79602867
0.71458441
0.73634309
0.61324215
0.51163900
0.50242627
0.46666408
0.43529138
0.40752527
0.40592685
0.40758026
0.42543146
0.47099018
0.46069592
0.34557113
0.25435850
0.16162084
0.12471672
0.03047678
0.02116320
0.01384081
0.00974406
0.00594144
0.00353145
0.00251269
0.00158663
0.00106487
0.00082598
0.00074368
0.00063330
0.00067989
0.00081317
0.00073477
0.00070044
0.00068909
0.00061574
0.00067637
0.00042676
0.00031279
0.00034229
0.00035173
0.00031428
0.00033549
0.00030360
0.00033318
0.00037696
0.00036359
0.00037260
0.00035648
0.00044695
0.00051530
0.00055966
0.55017656
0.57705414
0.55958194
0.47556910
0.44827181
0.33909824
0.25251010
0.38076708
0.36804387
0.39391485
0.38835907
0.38775676
0.36171377
0.34558934
0.36727819
0.34659487
0.30722913
0.29700673
0.34368613
0.31690499
0.35182908
0.32575160
0.40846023
0.39850619
0.34479725
0.28756753
0.26774785
0.33949280
0.50078845
0.50894314
0.58206332
0.79870594
0.80908310
0.72674012
0.53080267
0.51497293
0.53325868
0.51640362
0.52016687
0.48468295
0.41957381
0.41982394
0.42884853
0.42784280
0.43341410
0.49766290
0.51396811
0.49544629
0.33423156
0.33358610
0.33611959
0.05388856
0.01791576
0.01258990
0.03013950
0.02346276
0.00386402
0.00251219
0.00154301
0.00109785
0.00088779
0.00079068
0.00069006
0.00073614
0.00079650
0.00087007
0.00072068
0.00068334
0.00054054
0.00057009
0.00050559
0.00043525
0.00043917
0.00033183
0.00030564
0.00029136
0.00030996
0.00033848
0.00032984
0.00035372
0.00037071
0.00043341
0.00051830
0.00055119
0.00070275
0.56821775
0.54978275
0.48765352
0.45365062
0.42299724
0.40023601
0.38962334
0.36864975
0.35686842
0.33417624
0.39597180
0.29056644
0.29149964
0.33415622
0.27489948
0.28408134
0.28089592
0.28434551
0.29037681
0.29879656
0.33978957
0.36325622
0.30100000
0.27037901
0.30485433
0.31727946
0.30554903
0.49098310
0.65891153
0.71605784
0.78034669
0.68061727
0.68641120
0.50586003
0.53005672
0.47720483
0.49860352
0.46307260
0.49251240
0.45102853
0.40594381
0.41645196
0.46188194
0.48570529
0.55469650
0.56945598
0.48181841
0.31163862
0.09969304
0.07841231
0.04069357
0.02100338
0.01254579
0.00748903
0.00624262
0.00453201
0.00349484
0.00239661
0.00179724
0.00147684
0.00114021
0.00084578
0.00081231
0.00087177
0.00100206
0.00123923
0.00118658
0.00067715
0.00037212
0.00040845
0.00038011
0.00037998
0.00034588
0.00031750
0.00028112
0.00026910
0.00031104
0.00034693
0.00037942
0.00043062
0.00051656
0.00060946
0.00074307
0.00102420
0.00145752
0.44792402
0.43320164
0.43486047
0.40850884
0.38856846
0.39148125
0.44825268
0.34271133
0.30995885
0.28669587
0.26555660
0.26548615
0.25682577
0.26541311
0.26685426
0.25322139
0.24968605
0.25629255
0.35618064
0.28984484
0.26546693
0.20541559
0.20434549
0.23134160
0.31515795
0.47181144
0.61039275
0.62190568
0.61620206
0.48121014
0.41173840
0.36516720
0.41584194
0.46004975
0.51987267
0.53642005
0.44961745
0.44250509
0.46500427
0.43645540
0.47022751
0.51192188
0.55967915
0.57760274
0.55211943
0.30696002
0.09327512
0.08681405
0.04099710
0.20548260
0.16416302
0.00923391
0.00613578
0.00465139
0.00311261
0.00234849
0.00193809
0.00158433
0.00131735
0.00106915
0.00101416
0.00101272
0.00077339
0.00088634
0.00085104
0.00075307
0.00040441
0.00046867
0.00034983
0.00037772
0.00036490
0.00029681
0.00030773
0.00031270
0.00034228
0.00034959
0.00041494
0.00048078
0.00070140
0.00094612
0.00134603
0.00186193
0.00177125
0.00249079
0.42981613
0.40074730
0.39066896
0.44850525
0.42352098
0.30889186
0.27152854
0.28227556
0.26643381
0.25460386
0.23978700
0.24160175
0.25170001
0.26035044
0.27319646
0.22824530
0.29668677
0.24158181
0.20395298
0.13782023
0.15094057
0.16497727
0.23895924
0.42671862
0.61145264
0.62091851
0.59904307
0.43106124
0.37746587
0.36141014
0.40661147
0.43575552
0.49749273
0.53981990
0.52441829
0.42428598
0.44334617
0.45680708
0.44230729
0.47738832
0.57138246
0.60386193
0.39988160
0.07894485
0.06122644
0.05362904
0.02886643
0.02164849
0.01447223
0.00925839
0.00623165
0.00484031
0.00370250
0.00252991
0.00196449
0.00167257
0.00143376
0.00122239
0.00109209
0.00103572
0.00079432
0.00093819
0.00088227
0.00077965
0.00043292
0.00048527
0.00039138
0.00038468
0.00034690
0.00036862
0.00037970
0.00040675
0.00042628
0.00046678
0.00050169
0.00075521
0.00133392
0.00161896
0.00295269
0.00350844
0.00255697
0.00416962
0.01100571
0.38190928
0.41635102
0.39744195
0.32364881
0.29735455
0.26685363
0.25176072
0.26133066
0.24855535
0.22746299
0.24154001
0.33263335
0.32452348
0.27271625
0.23643608
0.17008558
0.14490855
0.13358483
0.08915476
0.11527834
0.13744697
0.23780537
0.34989899
0.50732970
0.50220287
0.58364147
0.42037570
0.39567816
0.38869196
0.45846841
0.50815964
0.58085668
0.52909553
0.49646175
0.51247418
0.44543833
0.46272150
0.42589536
0.40442872
0.44486651
0.46201897
0.24320443
0.04167015
0.05108542
0.05089915
0.04406482
0.02336879
0.01690695
0.01054502
0.00689213
0.00502163
0.00331835
0.00234974
0.00192480
0.00170312
0.00156797
0.00136909
0.00123085
0.00114749
0.00092190
0.00118567
0.00110360
0.00080238
0.00054761
0.00044296
0.00047505
0.00044256
0.00035820
0.00038887
0.00041789
0.00047431
0.00051559
0.00062114
0.00071409
0.00122625
0.00240628
0.00256819
0.00433225
0.00431307
0.00773981
0.01201453
0.02296717
0.29512623
0.29314959
0.26797861
0.25786075
0.26296622
0.27075884
0.24305022
0.24721110
0.31615642
0.34986854
0.27737454
0.21691449
0.13195258
0.09212566
0.11261260
0.08246187
0.06659139
0.08751384
0.14013183
0.21288410
0.42404154
0.43951777
0.61840153
0.38422760
0.34744504
0.38580722
0.44990855
0.62110269
0.59686881
0.60065788
0.52303189
0.52135193
0.48175845
0.48425350
0.44062880
0.31732583
0.29702124
0.29387563
0.21327096
0.05817178
0.02497084
0.02755393
0.02513593
0.01863520
0.01288599
0.00949128
0.00591361
0.00398583
0.00313968
0.00236876
0.00201026
0.00208493
0.00172987
0.00147846
0.00129671
0.00126484
0.00129469
0.00114671
0.00100284
0.00079738
0.00063746
0.00044948
0.00043035
0.00038172
0.00035269
0.00038302
0.00047531
0.00054736
0.00064102
0.00082744
0.00134065
0.00211187
0.00440599
0.00346412
0.00638980
0.00947779
0.01730880
0.02296418
0.03148825
0.04392273
0.27124506
0.27003929
0.26867780
0.27027023
0.27019402
0.26138836
0.29693094
0.29920605
0.34678957
0.31282395
0.26991260
0.12288009
0.06299586
0.06545895
0.04388451
0.04511558
0.06725911
0.10287569
0.20728318
0.36463207
0.36780721
0.39339176
0.33684307
0.32851496
0.34005013
0.39968267
0.45463189
0.56274629
0.63038611
0.58956409
0.53603500
0.51997083
0.44471142
0.39721057
0.32410660
0.20377684
0.19619608
0.14393139
0.07033101
0.02706622
0.01649104
0.01460309
0.01492582
0.01077160
0.00784799
0.00545135
0.00409876
0.00323810
0.00240949
0.00207341
0.00204398
0.00151039
0.00141340
0.00171897
0.00165251
0.00142648
0.00120529
0.00106736
0.00087347
0.00069115
0.00045680
0.00040088
0.00040970
0.00037786
0.00044998
0.00056506
0.00072762
0.00084249
0.00132845
0.00241168
0.00360130
0.00792214
0.00949887
0.01338072
0.02021175
0.02444865
0.05499031
0.04868998
0.03937184
0.04549622
0.24898602
0.25823593
0.25391564
0.26953399
0.27442086
0.29827073
0.34898341
0.34934184
0.32609099
0.13974270
0.03769099
0.02045441
0.00966223
0.04495656
0.17783238
0.18253556
0.19762899
0.40728033
0.35346124
0.31525761
0.32718343
0.33482435
0.37475833
0.40845957
0.48626655
0.65051341
0.71908373
0.78230822
0.56421286
0.49036735
0.37383926
0.26413652
0.16079535
0.13282833
0.12272703
0.08113574
0.06243487
0.03194514
0.01217690
0.01045638
0.00876006
0.00768574
0.00682659
0.00568510
0.00460589
0.00380975
0.00274493
0.00245163
0.00201895
0.00171414
0.00157325
0.00163642
0.00154435
0.00151204
0.00128859
0.00110847
0.00082774
0.00062755
0.00050838
0.00043836
0.00041438
0.00040063
0.00054086
0.00075602
0.00097421
0.00137628
0.00271644
0.00584187
0.00749201
0.01467217
0.01378798
0.02188404
0.04034015
0.04802399
0.06419224
0.07448944
0.08255815
0.04207353
0.26945078
0.25928760
0.25838152
0.29699537
0.35697573
0.39504173
0.38737425
0.15908563
0.02680300
0.00657134
0.04974693
0.13858424
0.23147088
0.41759193
0.32168680
0.28631729
0.29149842
0.32665443
0.35391933
0.39351878
0.45788464
0.60742956
0.65858877
0.73513842
0.57881778
0.51375127
0.34981516
0.24471249
0.18806089
0.13411030
0.07893421
0.07419229
0.04908645
0.02156941
0.01499633
0.01250602
0.01167063
0.00940492
0.00724294
0.00597588
0.00507338
0.00395710
0.00303129
0.00258541
0.00223543
0.00190298
0.00169640
0.00173658
0.00167628
0.00154110
0.00134193
0.00123422
0.00089605
0.00075503
0.00057800
0.00054419
0.00051224
0.00051499
0.00071522
0.00103335
0.00137774
0.00247877
0.00471530
0.00837418
0.01134366
0.01904058
0.01659849
0.03344700
0.06065317
0.04963434
0.05057092
0.13061656
0.07278675
0.27684870
0.28533924
0.28473741
0.34946659
0.36583257
0.13165800
0.01996951
0.00433620
0.02787768
0.14461601
0.22901173
0.27709976
0.24033992
0.30485347
0.33178198
0.35513958
0.45865041
0.48485857
0.49676847
0.56181002
0.73762012
0.60987526
0.56619346
0.53680670
0.39044189
0.23946142
0.12546840
0.09149059
0.06103512
0.04401125
0.04080277
0.02831299
0.02533983
0.01823934
0.01641850
0.01265830
0.00903977
0.00666385
0.00538160
0.00416245
0.00321602
0.00259048
0.00230306
0.00198138
0.00173389
0.00178850
0.00156480
0.00157225
0.00137797
0.00125879
0.00095068
0.00075645
0.00060208
0.00054557
0.00056991
0.00056182
0.00096544
0.00162396
0.00243401
0.00422517
0.00903985
0.01702869
0.03392548
0.03410190
0.04527782
0.04815975
0.08494998
0.09783340
0.26006290
0.12829734
0.27080882
0.34201819
0.34828526
0.11190551
0.00930467
0.00400210
0.02895115
0.16939817
0.21334814
0.26338062
0.28812733
0.30310595
0.35047084
0.36887592
0.37954566
0.40933299
0.37075427
0.44734550
0.56585306
0.53951401
0.53901428
0.50264007
0.41820455
0.28745010
0.14676945
0.08203039
0.06530280
0.04045793
0.03985416
0.03964498
0.03253764
0.02287950
0.01771149
0.01448672
0.01052926
0.00747900
0.00528513
0.00426487
0.00332259
0.00272644
0.00253920
0.00206679
0.00183061
0.00167863
0.00150471
0.00146312
0.00142191
0.00136060
0.00102692
0.00086786
0.00069694
0.00065613
0.00074745
0.00081742
0.00148618
0.00508750
0.00535473
0.01097037
0.02054907
0.02658690
0.04222535
0.04857012
0.06025311
0.13389613
0.17392428
0.10579523
0.40303838
0.32511601
0.20550770
0.03690944
0.00624188
0.00525102
0.00640808
0.05083770
0.16882566
0.20827143
0.27093795
0.33703250
0.29495838
0.34666833
0.31921500
0.30040801
0.31673998
0.36882845
0.43379417
0.48563427
0.49856430
0.49435642
0.35386646
0.29623842
0.24160111
0.13392340
0.10895628
0.08074680
0.04520581
0.04102582
0.03906336
0.02828197
0.02369711
0.01717267
0.01244648
0.01055597
0.00781403
0.00568120
0.00437191
0.00311174
0.00264407
0.00255974
0.00224889
0.00190213
0.00186552
0.00182947
0.00160802
0.00149015
0.00135049
0.00115217
0.00100616
0.00088875
0.00085202
0.00093022
0.00091619
0.00228432
0.00479421
0.00811526
0.01917741
0.02537476
0.03284959
0.05225564
0.14751601
0.01155703
0.00331800
0.00298449
0.01140205
0.02111725
0.06904728
0.17396179
0.20280111
0.25733620
0.27706599
0.28782150
0.27531114
0.29149386
0.31006745
0.34204423
0.35657635
0.39084873
0.49613699
0.47631612
0.41758326
0.37836948
0.20497087
0.14209123
0.11333917
0.07324468
0.06280701
0.05193634
0.03947890
0.03413549
0.02759276
0.02462211
0.01986005
0.01476919
0.01103529
0.00856862
0.00618274
0.00467061
0.00363978
0.00293963
0.00253897
0.00257370
0.00244465
0.00269029
0.00194305
0.00168073
0.00165117
0.00154565
0.00124104
0.00127253
0.00108510
0.00117973
0.00139494
0.00152798
0.00263819
0.00510379
0.01606965
0.03426195
0.03214778
0.07889927
0.07029317
0.00702904
0.00577630
0.00760791
0.01738900
0.07481896
0.16681200
0.21373691
0.28589875
0.34552231
0.28949675
0.28636086
0.30816987
0.30843335
0.32746154
0.35957304
0.40653631
0.42176375
0.38580358
0.32483396
0.25428885
0.18097413
0.12115452
0.08854359
0.06219567
0.08141001
0.07754086
0.04166127
0.03022193
0.02956405
0.02180382
0.01605306
0.01361615
0.01106151
0.00811530
0.00609990
0.00494519
0.00397635
0.00315386
0.00288242
0.00281961
0.00264644
0.00291495
0.00229793
0.00207540
0.00193116
0.00169641
0.00168020
0.00164718
0.00150808
0.00153947
0.00179447
0.00235556
0.00469227
0.01003979
0.01969432
0.06213614
0.09270725
0.08418685
0.16581286
0.25478968
0.02717971
0.09235802
0.21559030
0.28376102
0.29596719
0.31013554
0.33121109
0.30685562
0.26186150
0.28389803
0.32075140
0.33061174
0.36592731
0.44047141
0.40651137
0.37220329
0.30763271
0.19825031
0.15625197
0.11992089
0.07986607
0.05410825
0.04238014
0.05592253
0.04547972
0.02899729
0.02198761
0.01773294
0.01339174
0.01050469
0.00898915
0.00771876
0.00624492
0.00494533
0.00377373
0.00326068
0.00299646
0.00290927
0.00319559
0.00270540
0.00234584
0.00230515
0.00202843
0.00228515
0.00242708
0.00196895
0.00189971
0.00226517
0.00407292
0.00589923
0.01012400
0.04324754
0.08281525
0.09962925
0.11137073
0.18178402
0.24931633
0.36570162
0.38820526
0.34920651
0.31740072
0.26192883
0.27561629
0.28602290
0.28069749
0.30731741
0.32842648
0.38591915
0.41174972
0.37649459
0.31562981
0.29097927
0.33827585
0.28955549
0.19849236
0.11212931
0.07053012
0.06387202
0.07262950
0.04628033
0.02510379
0.02217963
0.01658337
0.01270335
0.01051326
0.00875000
0.00716010
0.00668369
0.00538169
0.00472499
0.00399201
0.00347125
0.00325506
0.00405526
0.00331235
0.00281279
0.00278063
0.00288257
0.00338197
0.00327673
0.00261585
0.00258880
0.00313471
0.00556700
0.00941858
0.01925406
0.05215690
0.12454501
0.18761773
0.19628879
0.36594230
0.29924998
0.27714214
0.27995294
0.27621946
0.31059745
0.26884896
0.24295734
0.23372978
0.29574347
0.34022167
0.29232681
0.30583522
0.32246497
0.46973854
0.46119472
0.22404303
0.13354228
0.07809492
0.04819533
0.03771799
0.06890957
0.05228100
0.01631685
0.01332383
0.01162512
0.01049065
0.00897283
0.00858617
0.00785061
0.00642728
0.00593539
0.00477745
0.00444575
0.00413787
0.00404023
0.00339873
0.00317687
0.00322370
0.00388726
0.00589704
0.00521589
0.00448009
0.00459457
0.00496023
0.00763314
0.01572586
0.03564867
0.18316694
0.31730175
0.26481813
0.24306257
0.39448157
0.34977999
0.24479811
0.33217412
0.31373003
0.26680151
0.23893775
0.26876667
0.27897054
0.27513218
0.32242748
0.34593773
0.45744058
0.56777364
0.46809772
0.21435325
0.09544985
0.05549473
0.04731249
0.03927605
0.03072654
0.02529077
0.01879730
0.01615706
0.01331896
0.01100535
0.00924859
0.00850174
0.00769836
0.00668168
0.00574245
0.00505711
0.00461161
0.00427409
0.00394284
0.00379109
0.00380335
0.00471990
0.00649761
0.00719509
0.00831911
0.00941344
0.01062810
0.01219321
0.03573473
0.09504344
0.21896698
0.34963220
0.38701135
0.21808204
0.22508825
0.23039119
0.21845078
0.22381726
0.28963330
0.34046084
0.41636032
0.38303241
0.33654535
0.41895109
0.53564268
0.60060275
0.30947241
0.11098840
0.06598160
0.05352551
0.04592396
0.04789995
0.04616441
0.03080594
0.02356540
0.01883211
0.01444155
0.01149578
0.00986289
0.00896753
0.00826203
0.00660782
0.00580254
0.00515924
0.00469263
0.00471242
0.00447813
0.00506140
0.00652540
0.00840505
0.01308971
0.02133610
0.02157238
0.01898793
0.02373284
0.03802682
0.11286107
0.17497523
0.20915733
0.25946352
0.28996146
0.32624590
0.34692448
0.32412177
0.27042872
0.30364269
0.47473675
0.63734245
0.47561017
0.19485901
0.08125205
0.07002949
0.05277250
0.08070742
0.05051378
0.04628831
0.03634872
0.02636406
0.02003423
0.01436545
0.01059227
0.00927495
0.00951292
0.00794802
0.00632244
0.00592974
0.00581670
0.00555511
0.00571468
0.00635416
0.00990539
0.01500316
0.02775549
0.06530568
0.04844971
0.03575012
0.05416838
0.25357893
0.31652781
0.31099686
0.30644777
0.37943426
0.41226873
0.31824511
0.23685023
0.35258028
0.63036537
0.62215698
0.34042051
0.12414420
0.10754198
0.07493609
0.04767265
0.04601999
0.06188464
0.04791982
0.03704343
0.02775729
0.02142138
0.01473851
0.01176199
0.01078975
0.00918162
0.00730553
0.00671783
0.00584240
0.00592613
0.00712165
0.01099202
0.01984154
0.03268165
0.05166085
0.10097372
0.08068696
0.06388719
0.73882437
0.75671715
0.68884444
0.61668503
0.53674066
0.37613338
0.30226573
0.42948952
0.62793350
0.44068381
0.20143375
0.15512206
0.10346931
0.06212329
0.06465892
0.07861490
0.05852712
0.04489294
0.03310683
0.02552658
0.02093945
0.01620230
0.01426503
0.00967005
0.00741100
0.00676839
0.00602129
0.00654272
0.00753225
0.01210568
0.01873686
0.03390688
0.07076677
0.14056344
0.16457184
0.11412515
0.96690410
0.89215946
0.86189187
0.52444088
0.35338199
0.23044048
0.28547379
0.30848497
0.24548490
0.21502121
0.14207226
0.08094671
0.06811608
0.06960392
0.07141666
0.05558603
0.04242721
0.03299835
0.02416148
0.01708174
0.01703962
0.01044610
0.00796944
0.00764631
0.00767045
0.00722500
0.00885678
0.02300849
0.03040628
0.03484197
0.06003569
0.10873508
0.25609416
0.21335758
0.91685182
0.61039734
0.35317576
0.14962561
0.11741076
0.16125853
0.21749580
0.29218054
0.21157211
0.08622046
0.07438324
0.09616794
0.10012842
0.06501219
0.04351018
0.03438100
0.03395499
0.02143409
0.01737835
0.01347618
0.00999000
0.00905471
0.00859121
0.00753196
0.00778768
0.01833564
0.03875261
0.05077204
0.06667417
0.15249106
0.44506133
0.59702343
0.57641596
0.35212812
0.15554109
0.07637533
0.07225592
0.11079967
0.14558406
0.12003562
0.07724481
0.07803230
0.07619314
0.06915215
0.04481106
0.03890716
0.06274088
0.02341257
0.01385943
0.01217269
0.01102836
0.01096772
0.01120284
0.00850881
0.00714846
0.00697348
0.00916999
0.02790446
0.04159287
0.06429426
0.19035076
0.58659631
0.57995766
0.30086747
0.17450011
0.14994363
0.18726155
0.13587733
0.11455584
0.09165703
0.11267277
0.10324666
0.08769014
0.07698262
0.05474969
0.03717712
0.02555735
0.02342462
0.01880221
0.02112129
0.01630582
0.01128261
0.00940463
0.00836561
0.00836404
0.00777309
0.01033727
0.01660478
0.03263693
0.07498736
0.22847395
0.63005203
0.64666539
0.29680714
0.21767193
0.25850520
0.32402056
0.29784235
0.20174338
0.15685949
0.15501094
0.12432075
0.11084882
0.09150917
0.06417038
0.05174304
0.04594823
0.03924158
0.03473237
0.04164162
0.02616549
0.01715451
0.01473364
0.01107000
0.01237145
0.01526914
0.01876222
0.02732566
0.04713219
0.17088662
0.39689419
0.59362340
0.30845219
0.32711846
0.33043867
0.34852117
0.32500926
0.29957861
0.37076753
0.40480506
0.49755377
0.32138517
0.11394528
0.07313083
0.05354098
0.04612028
0.03833110
0.03532626
0.03618010
0.02797683
0.02379897
0.01737746
0.01432599
0.01785088
0.02543752
0.03988669
0.06624269
0.16802551
0.30428621
0.72058922
0.29309639
0.39300153
0.39406213
0.39512900
0.42339149
0.49541098
0.82101387
0.86217570
0.68177325
0.32018161
0.09939345
0.06902348
0.06074834
0.04529566
0.03836652
0.03422733
0.02799197
0.02446103
0.03118621
0.02554368
0.01884125
0.02236653
0.03176376
0.04780460
0.07648528
0.29718757
0.47277126
0.06864858
0.11700077
0.26187149
0.36004305
0.36944476
0.35966438
0.54282916
0.95157802
0.68896389
0.55539817
0.14791852
0.11432385
0.08330120
0.05345496
0.04063355
0.03414655
0.03145569
0.02999600
0.02540368
0.02881427
0.02918301
0.02366269
0.03156837
0.05315221
0.07931611
0.11487388
0.26223603
0.42599803
0.06752452
0.13422710
0.28084716
0.30770904
0.32410985
0.44925639
0.69794452
0.44199681
0.30884579
0.21290718
0.18080100
0.13353114
0.06471788
0.04744744
0.03802806
0.03450257
0.02759322
0.03494833
0.04112070
0.03377802
0.03128102
0.05005352
0.09269243
0.15178972
0.18194826
0.22766140
0.37818012
0.08769771
0.17597318
0.23195396
0.21812424
0.23114155
0.32250303
0.36060607
0.29112336
0.28655341
0.18371345
0.12513264
0.08259360
0.05990621
0.04302763
0.04545218
0.04109282
0.04010244
0.03702978
0.03887327
0.03900545
0.05768071
0.13998103
0.20762892
0.15755945
0.19335803
0.04534286
0.06689332
0.11653353
0.14746170
0.14625095
0.18366370
0.28324088
0.22723474
0.20454261
0.16984998
0.13289066
0.11072379
0.07086506
0.05980867
0.06400362
0.04990302
0.05572667
0.04473748
0.03327576
0.03593063
0.05916526
0.14209531
0.16962017
0.20255844
0.22323479
0.05775869
0.07529145
0.10194290
0.12239204
0.12112511
0.12417854
0.10265430
0.11723340
0.08918978
0.08053347
0.07054847
0.05484585
0.03766961
0.04252092
0.04273283
0.04059256
0.04046950
0.04560559
0.07167780
0.19254446
0.34077749
0.27196276
0.19523969
0.08434326
0.08317547
0.15173499
0.20427963
0.11400788
0.08875322
0.09511526
0.07316583
0.07774910
0.08853798
0.05827060
0.03821453
0.03384597
0.03485853
0.04965327
0.04384157
0.05625308
0.09633801
0.20993577
0.42632848
0.33973622
0.08677296
0.16465603
0.13858032
0.13375857
0.06996339
0.07771108
0.08574999
0.05502313
0.04927553
0.03565335
0.03366735
0.03871502
0.04548370
0.04778082
0.06860898
0.14621691
0.28245836
0.22063822
0.19121401
0.20163779
0.13845788
0.13022012
0.10545512
0.10153461
0.08620452
0.05445314
0.04945408
0.04799059
0.04935396
0.04760976
0.04462119
0.06684555
0.11221106
0.15646191
0.24062680
0.22626586
0.09635794
0.12631632
0.16931513
0.15252039
0.14052041
0.10601638
0.06688856
0.04721850
0.04933945
0.05438070
0.08542798
0.09546396
0.14089608
0.13591483
0.19437197
0.10520644
0.10026907
0.15020338
0.13699383
0.10567209
0.05417202
0.04189697
0.06286112
0.09812094
0.11005620
0.29062095
0.37675041
0.18812080
0.05103300
0.07773192
0.09578466
0.10492913
0.04690646
0.04011758
0.05573916
0.10168265
0.18726547
0.45826554
0.44979703
0.29010442
0.06895021
0.07370023
0.05854869
0.04557883
0.07545185
0.11700851
0.36701292
0.45589682
0.47519431
0.04362870
0.07327989
0.06503723
0.07624867
0.11892541
0.25985891
0.41354501
0.54666704
0.05443105
0.06044322
0.11455149
0.31794098
0.39644998
0.05749687
0.10184653
0.25394908
