,thindist,background,climate,sensitivity,specificity,auc_checker,auc_ext,condition,gridsize
0,thinned3km,bg1uniform,era5land,0.4672131147540984,0.9412731006160164,0.9132224728178544,0.8930713025951121,thinned3km_bg1uniform_era5land,0.3
0,thinned3km,bg1uniform,era5yearmonthly,0.7704918032786885,0.9704312114989732,0.955252970680311,0.9145857844131609,thinned3km_bg1uniform_era5yearmonthly,0.3
0,thinned3km,bg1uniform,wcbioclim,0.5737704918032787,0.9580983078162773,0.9347994081980422,0.9232398841889696,thinned3km_bg1uniform_wcbioclim,0.3
0,thinned3km,bg1uniform,wcmonthly,1.0,0.970173317210802,0.9993954050785974,0.999466453247966,thinned3km_bg1uniform_wcmonthly,0.3
0,thinned3km,bg1uniform,wcmonthlybg,0.7377049180327869,0.9193873438129786,0.9323712675349046,0.8626980203846244,thinned3km_bg1uniform_wcmonthlybg,0.3
0,thinned3km,bg2lai,era5land,0.496,0.9129070223617104,0.8852899176147508,0.8335651297556058,thinned3km_bg2lai_era5land,0.3
0,thinned3km,bg2lai,era5yearmonthly,0.76,0.975676735974892,0.9281883091408396,0.8777333766075702,thinned3km_bg2lai_era5yearmonthly,0.3
0,thinned3km,bg2lai,wcbioclim,0.624,0.9391679748822606,0.9150675039246468,0.9291167447371104,thinned3km_bg2lai_wcbioclim,0.3
0,thinned3km,bg2lai,wcmonthly,1.0,0.9768445839874412,1.0,0.9992624500780704,thinned3km_bg2lai_wcmonthly,0.3
0,thinned3km,bg2lai,wcmonthlybg,0.744,0.8390894819466248,0.8928602825745683,0.8646988207047525,thinned3km_bg2lai_wcmonthlybg,0.3
0,thinned3km,bg3meanA3yr,era5land,0.536,0.7596314907872697,0.7643618090452261,0.6768153187200806,thinned3km_bg3meanA3yr_era5land,0.3
0,thinned3km,bg3meanA3yr,era5yearmonthly,0.736,0.9338358458961474,0.8821892797319933,0.8262252018337458,thinned3km_bg3meanA3yr_era5yearmonthly,0.3
0,thinned3km,bg3meanA3yr,wcbioclim,0.648,0.7971854304635762,0.7942831125827813,0.7301508838829649,thinned3km_bg3meanA3yr_wcbioclim,0.3
0,thinned3km,bg3meanA3yr,wcmonthly,1.0,0.9540372670807452,0.9995859213250518,0.9998744595877568,thinned3km_bg3meanA3yr_wcmonthly,0.3
0,thinned3km,bg3meanA3yr,wcmonthlybg,0.832,0.5652173913043478,0.7626848861283644,0.6044770849516277,thinned3km_bg3meanA3yr_wcmonthlybg,0.3
0,thinned5km,bg1uniform,era5land,0.5154639175257731,0.9305954825462012,0.9125002646118674,0.8988359788359788,thinned5km_bg1uniform_era5land,0.3
0,thinned5km,bg1uniform,era5yearmonthly,0.8020833333333334,0.971252566735113,0.9634026351813828,0.9288764250070995,thinned5km_bg1uniform_era5yearmonthly,0.3
0,thinned5km,bg1uniform,wcbioclim,0.6082474226804123,0.9371474617244158,0.92506251194165,0.9309292344388737,thinned5km_bg1uniform_wcbioclim,0.3
0,thinned5km,bg1uniform,wcmonthly,1.0,0.973397823458283,0.9991627087514596,0.99942722186914,thinned5km_bg1uniform_wcmonthly,0.3
0,thinned5km,bg1uniform,wcmonthlybg,0.7216494845360825,0.8939943571140669,0.924508740655788,0.8826746384828441,thinned5km_bg1uniform_wcmonthlybg,0.3
0,thinned5km,bg2lai,era5land,0.5729166666666666,0.8681836014123185,0.8706723224794036,0.8435071806500377,thinned5km_bg2lai_era5land,0.3
0,thinned5km,bg2lai,era5yearmonthly,0.7684210526315789,0.9717536288740682,0.9355805166112614,0.8872773743356729,thinned5km_bg2lai_era5yearmonthly,0.3
0,thinned5km,bg2lai,wcbioclim,0.625,0.9113029827315542,0.9016548927263214,0.9267000918014264,thinned5km_bg2lai_wcbioclim,0.3
0,thinned5km,bg2lai,wcmonthly,1.0,0.9607535321821036,0.9992191588173732,0.9988622900140448,thinned5km_bg2lai_wcmonthly,0.3
0,thinned5km,bg2lai,wcmonthlybg,0.7083333333333334,0.8159340659340659,0.8803555075876505,0.8769311646227118,thinned5km_bg2lai_wcmonthlybg,0.3
0,thinned5km,bg3meanA3yr,era5land,0.6041666666666666,0.6721105527638191,0.7162221698771636,0.6890702947845806,thinned5km_bg3meanA3yr_era5land,0.3
0,thinned5km,bg3meanA3yr,era5yearmonthly,0.7894736842105263,0.9212730318257956,0.9097901789650004,0.7498884336078543,thinned5km_bg3meanA3yr_era5yearmonthly,0.3
0,thinned5km,bg3meanA3yr,wcbioclim,0.6666666666666666,0.7102649006622517,0.752196726683223,0.7092797903475115,thinned5km_bg3meanA3yr_wcbioclim,0.3
0,thinned5km,bg3meanA3yr,wcmonthly,1.0,0.9532091097308488,0.999538474810214,0.9996783026936266,thinned5km_bg3meanA3yr_wcmonthly,0.3
0,thinned5km,bg3meanA3yr,wcmonthlybg,0.84375,0.4766045548654244,0.7229878364389234,0.5920328915880078,thinned5km_bg3meanA3yr_wcmonthlybg,0.3
0,thinned9km,bg1uniform,era5land,0.5573770491803278,0.9071868583162218,0.9045847779984516,0.9106827916351726,thinned9km_bg1uniform_era5land,0.3
0,thinned9km,bg1uniform,era5yearmonthly,0.7704918032786885,0.9659137577002054,0.9492577506984884,0.9254229380502252,thinned9km_bg1uniform_era5yearmonthly,0.3
0,thinned9km,bg1uniform,wcbioclim,0.6229508196721312,0.9117647058823528,0.9097105718550612,0.935621307346468,thinned9km_bg1uniform_wcbioclim,0.3
0,thinned9km,bg1uniform,wcmonthly,1.0,0.9822652156388552,0.9993954050785974,0.99056877653022,thinned9km_bg1uniform_wcmonthly,0.3
0,thinned9km,bg1uniform,wcmonthlybg,0.7377049180327869,0.8738411930673116,0.9156672679577906,0.8953542201194203,thinned9km_bg1uniform_wcmonthlybg,0.3
0,thinned9km,bg2lai,era5land,0.65625,0.8250294233032561,0.854517090035308,0.8607961703199798,thinned9km_bg2lai_era5land,0.3
0,thinned9km,bg2lai,era5yearmonthly,0.765625,0.9678305217732444,0.926472391133778,0.944632642297862,thinned9km_bg2lai_era5yearmonthly,0.3
0,thinned9km,bg2lai,wcbioclim,0.5625,0.8642072213500785,0.8763429650706436,0.9253505323698108,thinned9km_bg2lai_wcbioclim,0.3
0,thinned9km,bg2lai,wcmonthly,1.0,0.9827315541601256,0.999607535321821,0.997622578443142,thinned9km_bg2lai_wcmonthly,0.3
0,thinned9km,bg2lai,wcmonthlybg,0.765625,0.7759026687598116,0.8646978021978022,0.8586336495382466,thinned9km_bg2lai_wcmonthlybg,0.3
0,thinned9km,bg3meanA3yr,era5land,0.7,0.5330820770519263,0.6677554438860971,0.7097808012093727,thinned9km_bg3meanA3yr_era5land,0.3
0,thinned9km,bg3meanA3yr,era5yearmonthly,0.7333333333333333,0.923785594639866,0.8519611948632049,0.8056006328857155,thinned9km_bg3meanA3yr_era5yearmonthly,0.3
0,thinned9km,bg3meanA3yr,wcbioclim,0.65,0.6283112582781457,0.6872171633554083,0.7347958791359681,thinned9km_bg3meanA3yr_wcbioclim,0.3
0,thinned9km,bg3meanA3yr,wcmonthly,1.0,0.9577639751552796,0.999792960662526,0.998532746431906,thinned9km_bg3meanA3yr_wcmonthly,0.3
0,thinned9km,bg3meanA3yr,wcmonthlybg,0.8666666666666667,0.4049689440993789,0.6765700483091787,0.4782462004409606,thinned9km_bg3meanA3yr_wcmonthlybg,0.3
0,thinned3km,bg1uniform,era5land,0.4755244755244755,0.9748867846850556,0.9251886442088172,0.9060519022423784,thinned3km_bg1uniform_era5land,0.4
0,thinned3km,bg1uniform,era5yearmonthly,0.8461538461538461,0.9678880197612186,0.9661923091317904,0.9705971844699582,thinned3km_bg1uniform_era5yearmonthly,0.4
0,thinned3km,bg1uniform,wcbioclim,0.5314685314685315,0.9538648320518008,0.9150551997577494,0.9672731837833172,thinned3km_bg1uniform_wcbioclim,0.4
0,thinned3km,bg1uniform,wcmonthly,0.986013986013986,0.981788749494132,0.9969152660370793,0.9977481188553854,thinned3km_bg1uniform_wcmonthly,0.4
0,thinned3km,bg1uniform,wcmonthlybg,0.5664335664335665,0.9405099150141644,0.9126015627432058,0.9073982534190146,thinned3km_bg1uniform_wcmonthlybg,0.4
0,thinned3km,bg2lai,era5land,0.4233576642335766,0.941837144003209,0.8783982010944513,0.872164273116654,thinned3km_bg2lai_era5land,0.4
0,thinned3km,bg2lai,era5yearmonthly,0.8540145985401459,0.9638989169675092,0.966270520962344,0.8600653170514018,thinned3km_bg2lai_era5yearmonthly,0.4
0,thinned3km,bg2lai,wcbioclim,0.5547445255474452,0.934887459807074,0.8947121365033914,0.9365942455413538,thinned3km_bg2lai_wcbioclim,0.4
0,thinned3km,bg2lai,wcmonthly,0.9854014598540146,0.9827170418006432,0.9949685497688172,0.9928441965021302,thinned3km_bg2lai_wcmonthly,0.4
0,thinned3km,bg2lai,wcmonthlybg,0.6131386861313869,0.8786173633440515,0.8751378881404464,0.8876727161452815,thinned3km_bg2lai_wcmonthlybg,0.4
0,thinned3km,bg3meanA3yr,era5land,0.3550724637681159,0.8809128630705394,0.7546424920319923,0.7113983371126228,thinned3km_bg3meanA3yr_era5land,0.4
0,thinned3km,bg3meanA3yr,era5yearmonthly,0.8405797101449275,0.9307053941908714,0.9245444705033375,0.9048947218954116,thinned3km_bg3meanA3yr_era5yearmonthly,0.4
0,thinned3km,bg3meanA3yr,wcbioclim,0.572463768115942,0.8065573770491803,0.7594737467331907,0.7888881042613123,thinned3km_bg3meanA3yr_wcbioclim,0.4
0,thinned3km,bg3meanA3yr,wcmonthly,0.9855072463768116,0.9754098360655736,0.9914498693276312,0.9856805467284954,thinned3km_bg3meanA3yr_wcmonthly,0.4
0,thinned3km,bg3meanA3yr,wcmonthlybg,0.6739130434782609,0.6319672131147541,0.6998485388453315,0.6900407221712214,thinned3km_bg3meanA3yr_wcmonthlybg,0.4
0,thinned5km,bg1uniform,era5land,0.5092592592592593,0.9592424866200082,0.9078991506945396,0.9022927689594356,thinned5km_bg1uniform_era5land,0.4
0,thinned5km,bg1uniform,era5yearmonthly,0.794392523364486,0.9596541786743517,0.9547138740222314,0.9531218305002233,thinned5km_bg1uniform_era5yearmonthly,0.4
0,thinned5km,bg1uniform,wcbioclim,0.5277777777777778,0.9449615540267098,0.8970183761260249,0.9666062503432744,thinned5km_bg1uniform_wcbioclim,0.4
0,thinned5km,bg1uniform,wcmonthly,0.9814814814814816,0.9773371104815864,0.9960073894209872,0.9973558050671248,thinned5km_bg1uniform_wcmonthly,0.4
0,thinned5km,bg1uniform,wcmonthlybg,0.5925925925925926,0.9101578308377176,0.8998287542905108,0.9202661456739558,thinned5km_bg1uniform_wcmonthlybg,0.4
0,thinned5km,bg2lai,era5land,0.4951456310679611,0.9085439229843562,0.8599515536706661,0.8691710758377424,thinned5km_bg2lai_era5land,0.4
0,thinned5km,bg2lai,era5yearmonthly,0.8333333333333334,0.9502607300441236,0.9486778666540824,0.8837173921862956,thinned5km_bg2lai_era5yearmonthly,0.4
0,thinned5km,bg2lai,wcbioclim,0.5631067961165048,0.917604501607717,0.8778369181781288,0.9280261124057466,thinned5km_bg2lai_wcbioclim,0.4
0,thinned5km,bg2lai,wcmonthly,0.970873786407767,0.980305466237942,0.9909117160428308,0.9933149730480428,thinned5km_bg2lai_wcmonthly,0.4
0,thinned5km,bg2lai,wcmonthlybg,0.6019417475728155,0.8520900321543409,0.8623099616020978,0.8904267589388697,thinned5km_bg2lai_wcmonthlybg,0.4
0,thinned5km,bg3meanA3yr,era5land,0.4761904761904761,0.7858921161825726,0.7228986366330765,0.6979843789367599,thinned5km_bg3meanA3yr_era5land,0.4
0,thinned5km,bg3meanA3yr,era5yearmonthly,0.7884615384615384,0.8995850622406639,0.8911127513565273,0.9244188405209136,thinned5km_bg3meanA3yr_era5yearmonthly,0.4
0,thinned5km,bg3meanA3yr,wcbioclim,0.6,0.7569672131147541,0.7249297423887588,0.7713595242018376,thinned5km_bg3meanA3yr_wcbioclim,0.4
0,thinned5km,bg3meanA3yr,wcmonthly,0.9714285714285714,0.9704918032786886,0.9888680718188916,0.9892819873047258,thinned5km_bg3meanA3yr_wcmonthly,0.4
0,thinned5km,bg3meanA3yr,wcmonthlybg,0.7523809523809524,0.5528688524590164,0.6829742388758783,0.6723709091479728,thinned5km_bg3meanA3yr_wcmonthlybg,0.4
0,thinned9km,bg1uniform,era5land,0.5416666666666666,0.9131329765335529,0.8944467316225242,0.9100629881582264,thinned9km_bg1uniform_era5land,0.4
0,thinned9km,bg1uniform,era5yearmonthly,0.8194444444444444,0.9715932482503088,0.9466401354009424,0.9738123250436124,thinned9km_bg1uniform_era5yearmonthly,0.4
0,thinned9km,bg1uniform,wcbioclim,0.5833333333333334,0.9182517199514366,0.8832906155852331,0.9676733438473428,thinned9km_bg1uniform_wcbioclim,0.4
0,thinned9km,bg1uniform,wcmonthly,1.0,0.9745042492917848,0.9985638967579477,0.9959748605324484,thinned9km_bg1uniform_wcmonthly,0.4
0,thinned9km,bg1uniform,wcmonthlybg,0.625,0.887494941319304,0.8920589954584288,0.9093362835330212,thinned9km_bg1uniform_wcmonthlybg,0.4
0,thinned9km,bg2lai,era5land,0.5,0.8828720417168071,0.8437681062530641,0.8655631141345428,thinned9km_bg2lai_era5land,0.4
0,thinned9km,bg2lai,era5yearmonthly,0.8333333333333334,0.9638989169675092,0.9535365690600348,0.8966945920727007,thinned9km_bg2lai_era5yearmonthly,0.4
0,thinned9km,bg2lai,wcbioclim,0.5416666666666666,0.8926848874598071,0.8546020900321544,0.9279162645450336,thinned9km_bg2lai_wcbioclim,0.4
0,thinned9km,bg2lai,wcmonthly,1.0,0.9790996784565916,0.9987774651661308,0.994946998407206,thinned9km_bg2lai_wcmonthly,0.4
0,thinned9km,bg2lai,wcmonthlybg,0.625,0.8167202572347267,0.8534018846016436,0.875503142433444,thinned9km_bg2lai_wcmonthlybg,0.4
0,thinned9km,bg3meanA3yr,era5land,0.6376811594202898,0.6547717842323652,0.6723404895062841,0.6839153439153438,thinned9km_bg3meanA3yr_era5land,0.4
0,thinned9km,bg3meanA3yr,era5yearmonthly,0.7971014492753623,0.9547717842323652,0.9003397678753984,0.9199713984340134,thinned9km_bg3meanA3yr_era5yearmonthly,0.4
0,thinned9km,bg3meanA3yr,wcbioclim,0.6376811594202898,0.6405737704918033,0.6704531955333808,0.7575814639581322,thinned9km_bg3meanA3yr_wcbioclim,0.4
0,thinned9km,bg3meanA3yr,wcmonthly,1.0,0.9622950819672133,0.997624138750297,0.9888818272407004,thinned9km_bg3meanA3yr_wcmonthly,0.4
0,thinned9km,bg3meanA3yr,wcmonthlybg,0.8260869565217391,0.4540983606557377,0.65857982893799,0.4685952812497548,thinned9km_bg3meanA3yr_wcmonthlybg,0.4
0,thinned3km,bg1uniform,era5land,0.4036144578313253,0.9482470784641068,0.9026791640686284,0.9218039808516,thinned3km_bg1uniform_era5land,0.5
0,thinned3km,bg1uniform,era5yearmonthly,0.8242424242424242,0.9674457429048414,0.9590909090909092,0.9789748062801736,thinned3km_bg1uniform_era5yearmonthly,0.5
0,thinned3km,bg1uniform,wcbioclim,0.6204819277108434,0.9328144203195412,0.9170582370448612,0.9407998493515052,thinned3km_bg1uniform_wcbioclim,0.5
0,thinned3km,bg1uniform,wcmonthly,0.993975903614458,0.9811552642359688,0.9996569646056572,0.9999450760696436,thinned3km_bg1uniform_wcmonthly,0.5
0,thinned3km,bg1uniform,wcmonthlybg,0.7228915662650602,0.9070053256861942,0.9238769909626214,0.9168844008191512,thinned3km_bg1uniform_wcmonthlybg,0.5
0,thinned3km,bg2lai,era5land,0.4444444444444444,0.9073569482288828,0.8587613447788409,0.8518014613252708,thinned3km_bg2lai_era5land,0.5
0,thinned3km,bg2lai,era5yearmonthly,0.788235294117647,0.9536784741144414,0.9283172669612804,0.9622195626597428,thinned3km_bg2lai_era5yearmonthly,0.5
0,thinned3km,bg2lai,wcbioclim,0.5964912280701754,0.9138737334372564,0.8839046824648006,0.9313176250892512,thinned3km_bg2lai_wcbioclim,0.5
0,thinned3km,bg2lai,wcmonthly,0.9941520467836256,0.9816835541699144,0.9988559343278955,0.9994036830418442,thinned3km_bg2lai_wcmonthly,0.5
0,thinned3km,bg2lai,wcmonthlybg,0.672514619883041,0.8390491036632892,0.8670331323241853,0.8950835236055207,thinned3km_bg2lai_wcmonthlybg,0.5
0,thinned3km,bg3meanA3yr,era5land,0.3248407643312102,0.8288100208768268,0.6393255588207918,0.6726480221718317,thinned3km_bg3meanA3yr_era5land,0.5
0,thinned3km,bg3meanA3yr,era5yearmonthly,0.8141025641025641,0.8676409185803757,0.8776885605695626,0.8936518722869081,thinned3km_bg3meanA3yr_era5yearmonthly,0.5
0,thinned3km,bg3meanA3yr,wcbioclim,0.5923566878980892,0.7618654560462237,0.7323605258523018,0.770017811045987,thinned3km_bg3meanA3yr_wcbioclim,0.5
0,thinned3km,bg3meanA3yr,wcmonthly,0.9936305732484076,0.964919521254643,0.9990746850117374,0.9999058446908176,thinned3km_bg3meanA3yr_wcmonthly,0.5
0,thinned3km,bg3meanA3yr,wcmonthlybg,0.6305732484076433,0.5843995047461824,0.6440718065460779,0.7084480851163995,thinned3km_bg3meanA3yr_wcmonthlybg,0.5
0,thinned5km,bg1uniform,era5land,0.5416666666666666,0.9152754590984976,0.8969584724540902,0.9206752330561854,thinned5km_bg1uniform_era5land,0.5
0,thinned5km,bg1uniform,era5yearmonthly,0.865546218487395,0.9561769616026712,0.9643418302212372,0.9705566148728144,thinned5km_bg1uniform_era5yearmonthly,0.5
0,thinned5km,bg1uniform,wcbioclim,0.6916666666666667,0.9098730028676772,0.9136624334289224,0.9512667812222928,thinned5km_bg1uniform_wcbioclim,0.5
0,thinned5km,bg1uniform,wcmonthly,0.9916666666666668,0.9758295780417862,0.9996483681551276,0.9998901521392872,thinned5km_bg1uniform_wcmonthly,0.5
0,thinned5km,bg1uniform,wcmonthlybg,0.7666666666666667,0.8897992625972961,0.919394373890482,0.9148914467747884,thinned5km_bg1uniform_wcmonthlybg,0.5
0,thinned5km,bg2lai,era5land,0.5725806451612904,0.8672635266640716,0.8502822109770338,0.8553993449231544,thinned5km_bg2lai_era5land,0.5
0,thinned5km,bg2lai,era5yearmonthly,0.7804878048780488,0.9439470611132736,0.9277786744391384,0.9647653048805224,thinned5km_bg2lai_era5yearmonthly,0.5
0,thinned5km,bg2lai,wcbioclim,0.6451612903225806,0.8893219017926735,0.8779605511276494,0.9343933651892128,thinned5km_bg2lai_wcbioclim,0.5
0,thinned5km,bg2lai,wcmonthly,0.9919354838709676,0.9773967264224472,0.9994688607849546,0.9993173740084268,thinned5km_bg2lai_wcmonthly,0.5
0,thinned5km,bg2lai,wcmonthlybg,0.7661290322580645,0.8152766952455183,0.8623940864405502,0.8877237169377555,thinned5km_bg2lai_wcmonthlybg,0.5
0,thinned5km,bg3meanA3yr,era5land,0.4210526315789473,0.6931106471816284,0.6151576749807713,0.6724414210128495,thinned5km_bg3meanA3yr_era5land,0.5
0,thinned5km,bg3meanA3yr,era5yearmonthly,0.8584070796460177,0.8651356993736952,0.8753043767435846,0.9119386181995212,thinned5km_bg3meanA3yr_era5yearmonthly,0.5
0,thinned5km,bg3meanA3yr,wcbioclim,0.6228070175438597,0.669830788278993,0.7145991267893216,0.7750158887084245,thinned5km_bg3meanA3yr_wcbioclim,0.5
0,thinned5km,bg3meanA3yr,wcmonthly,1.0,0.9620305406520842,0.9999601769591128,0.999882305863522,thinned5km_bg3meanA3yr_wcmonthly,0.5
0,thinned5km,bg3meanA3yr,wcmonthlybg,0.7368421052631579,0.5088732975650021,0.6384828145477188,0.6903074955472385,thinned5km_bg3meanA3yr_wcmonthlybg,0.5
0,thinned9km,bg1uniform,era5land,0.5066666666666667,0.9023372287145242,0.8837813021702838,0.9132275132275132,thinned9km_bg1uniform_era5land,0.5
0,thinned9km,bg1uniform,era5yearmonthly,0.8918918918918919,0.9611853088480802,0.9778967197581556,0.9907805590490488,thinned9km_bg1uniform_era5yearmonthly,0.5
0,thinned9km,bg1uniform,wcbioclim,0.7333333333333333,0.8803768947152806,0.910867130957258,0.9502232265455202,thinned9km_bg1uniform_wcbioclim,0.5
0,thinned9km,bg1uniform,wcmonthly,1.0,0.982793936911102,1.0,0.9957708573625528,thinned9km_bg1uniform_wcmonthly,0.5
0,thinned9km,bg1uniform,wcmonthlybg,0.76,0.8701351904956984,0.913980609040011,0.9133064990702164,thinned9km_bg1uniform_wcmonthlybg,0.5
0,thinned9km,bg2lai,era5land,0.5365853658536586,0.843908135461269,0.832254175013529,0.8466666666666667,thinned9km_bg2lai_era5land,0.5
0,thinned9km,bg2lai,era5yearmonthly,0.7901234567901234,0.9575710393149084,0.9272931293821394,0.9721286867621404,thinned9km_bg2lai_era5yearmonthly,0.5
0,thinned9km,bg2lai,wcbioclim,0.7317073170731707,0.8199532346063912,0.8621799136931354,0.9412274713807092,thinned9km_bg2lai_wcbioclim,0.5
0,thinned9km,bg2lai,wcmonthly,1.0,0.9762275915822292,1.0,0.9946645324796584,thinned9km_bg2lai_wcmonthly,0.5
0,thinned9km,bg2lai,wcmonthlybg,0.8170731707317073,0.7677318784099766,0.8532117940041442,0.884381203461777,thinned9km_bg2lai_wcmonthlybg,0.5
0,thinned9km,bg3meanA3yr,era5land,0.3866666666666666,0.6755741127348643,0.5711287404314545,0.6593298059964726,thinned9km_bg3meanA3yr_era5land,0.5
0,thinned9km,bg3meanA3yr,era5yearmonthly,0.7972972972972973,0.8818371607515657,0.8754951193364554,0.9212138423465456,thinned9km_bg3meanA3yr_era5yearmonthly,0.5
0,thinned9km,bg3meanA3yr,wcbioclim,0.76,0.5030953363598845,0.6841491264272939,0.7668008379822517,thinned9km_bg3meanA3yr_wcbioclim,0.5
0,thinned9km,bg3meanA3yr,wcmonthly,1.0,0.971110193974412,1.0,0.9959120903263264,thinned9km_bg3meanA3yr_wcmonthly,0.5
0,thinned9km,bg3meanA3yr,wcmonthlybg,0.7866666666666666,0.4143623607098638,0.6099821158343651,0.6529042989744919,thinned9km_bg3meanA3yr_wcmonthlybg,0.5
